title,price,url,scrape_date,tech_Brand,tech_Manufacturer,tech_Series,tech_Colour,tech_Form Factor,tech_Item Height,tech_Item Width,tech_Standing screen display size,tech_Screen Resolution,tech_Resolution,tech_Product Dimensions,tech_Batteries,tech_Item model number,tech_Processor Brand,tech_Processor Type,tech_Processor Speed,tech_Processor Count,tech_RAM Size,tech_Memory Technology,tech_Computer Memory Type,tech_Maximum Memory Supported,tech_Hard Drive Size,tech_Hard Disk Description,tech_Audio Details,tech_Speaker Description,tech_Graphics Chipset Brand,tech_Graphics Card Description,tech_Graphics RAM Type,tech_Graphics Card Ram Size,tech_Graphics Card Interface,tech_Connectivity Type,tech_Number of USB 3.0 Ports,tech_Voltage,tech_Wattage,tech_Optical Drive Type,tech_Operating System,tech_Average Battery Life (in hours),tech_Are Batteries Included,tech_Lithium Battery Energy Content,tech_Number of Lithium Ion Cells,tech_Included Components,tech_Country of Origin,tech_Item Weight,info_ASIN,info_Customer Reviews,info_Best Sellers Rank,info_Date First Available,info_Packer,info_Importer,info_Item Dimensions LxWxH,info_Net Quantity,info_Generic Name,tech_Graphics Coprocessor,tech_Package Dimensions,tech_Hard Drive Interface,tech_Number of USB 2.0 Ports,tech_Number of HDMI Ports,tech_Number of Lithium Metal Cells,tech_Memory Clock Speed,tech_Hardware Platform,tech_Wireless Type,tech_Front Webcam Resolution,tech_Power Source,tech_Lithium Battery Weight,tech_Model,tech_Model Name,tech_Model Year,tech_Memory Storage Capacity,tech_Memory Slots Available,tech_Flash Memory Installed Size,tech_Ram Memory Installed Size,tech_RAM memory maximum size,tech_Ram Memory Technology,tech_Processor model number,tech_Hardware Interface,tech_Special Features,tech_Chipset Type,tech_Mounting Hardware,tech_Number of items,tech_Software included,tech_Display Technology,tech_Display Type,tech_Audio Output Type,tech_Battery Average Life,tech_Batteries Included,tech_Batteries Required,tech_Battery cell composition,tech_Refresh Rate,tech_Total USB ports,tech_Keyboard Description,tech_Connector Type,tech_Device type,tech_Hard Disk Rotational Speed,tech_Average Battery Standby Life (in hours),tech_Number of Ethernet Ports
"Lenovo LOQ 2024 12th Gen Intel Core i5-12450HX 15.6"" (39.6cm) 144Hz 300Nits FHD Gaming Laptop (16GB/512GB SSD/NVIDIA RTX 4050 6GB/100% sRGB/Win 11/Office 2021/3 Month Game Pass/Grey/2.4Kg), 83GS003VIN","73,990",https://www.amazon.in/Lenovo-i5-12450HX-39-6cm-300Nits-83GS003VIN/dp/B0D5DH91HV/ref=sr_1_289?dib=eyJ2IjoiMSJ9.xsKdN7KFqRWh91hgIhV6LaEVVOamx6QsBJEKiFbN9PcwMWFgbRqrpo1iSsc2xNhl6EUnOxMQkEhQwJdyiXAVM-vsNUIECLEdPd62EJUogNL7JwZ_c-ux19QXJYdubwWkLdmVy6f9P8xIAAMEjug6ZW_qR5F34o23co5wVl7Q7jGPFNXUs1YhcHt-GZNX0qBueXzQo-8lZbrrVYW0x5_ohJDZ49HBqpeGQTcOU6mTOmt3ZqpYfk3VVIaj0L49a-aIAZQEwkL6zCke118hNhQkaxHwm88RxhhBIu9BMH0-QohXYQcTUNjSlC0XUsnXfrgFMHXW8XA6RB8B0-dPAEwoT7ssHRVE9WjJsuHBIR9KCiA.p376SLcow3rcNOcwS7nCE259sj_d7dX-5NRLiBZJMvk&dib_tag=se&qid=1737566088&s=computers&sr=1-289&xpid=4diLpKEnc_Nj3,2025-01-22 22:58:42,Lenovo,Lenovo,LOQ,Luna Grey,Gaming,54.1 Centimeters,35.9 Centimeters,15.6 Inches,1920 x 1080 pixel,1920 x 1080,8.7 x 35.9 x 54.1 cm; 3.6 kg,1 Lithium Polymer batteries required. (included),15IAX9,Intel,Intel Core i5,3.1 GHz,8,16,DDR5,DDR5 RAM,32 GB,512 GB,SSD,Speakers,2 x 2W speakers with Nahimic Audio & Sound Tracker,Intel,Dedicated,GDDR6,6 GB,PCI Express,Wi-Fi,4,10.8 Volts,10 Watts,Not Available,Windows 11,6 Hours,Yes,60 Watt Hours,4,Laptop,China,3 kg 600 g,B0D5DH91HV,"2.0
1 rating
2.0 out of 5 stars","#5,768 in Computers & Accessories (See Top 100 in Computers & Accessories)
#191 in Traditional Laptops",28 May 2024,"One of the below: Hefei Bitland Information Technology Co.,Ltd - No.4088 Jiuxiu Road National Hefei economic & technology development area Hefei Anhui China LCFC（Hefei) Electronics Technology Co., Ltd. - NO.1-3188,YUNGU ROAD, HEFEI EXPORT PROCESSING ZONE. ANHUI PROVINCE,CHINA Tech-Com(Shanghai) Computer Co Ltd - No.6 Ln.58,San-Zhuang Rd., Songjiang EPZ ShangHai, China Wistron InfoComm (Kunshan) Co.Ltd - 168# First Avenue, Kunshan Export Processing Zone, Kunshan, Jiangsu, China Compal information technology (kunshan) CO., LTD. - Address: No. 58, the 1st street, Kunshan Export Processing Zone, Jiangsu, P.R.O.C. CHINA Kunshan Hichain storage Co. Ltd - No. 88 Xinxiang Road Avenue Kunshan CBZ Wujiang Hichain warehousing LTD - No.2088 Pangjin road, Wujiang economic development area, Jiangsu, China","Lenovo (India) Private Limited, RBD Icon, Level 2, Doddenakundi Village, Marathahalli Outer Ring Road, K. R. Puram Hobli, Bangalore 560037, Karnataka, India",8.7 x 35.9 x 54.1 Centimeters,1 Piece,Laptop,,,,,,,,,,,,,,,,,,,,,,,,,,,,,,,,,,,,,,,,,,,
"MSI Thin 15, Intel Core i5-13420H, 40CM FHD 144Hz Gaming Laptop(16GB/512GB NVMe SSD/Windows 11 Home/NVIDIA GeForce RTX 2050,GDDR6 4GB /Cosmos Gray/1.86Kg), B13UCX-1807IN","56,499",https://www.amazon.in/MSI-i5-13420H-Windows-GeForce-B13UCX-1807IN/dp/B0CV9H7TN6/ref=sr_1_290?dib=eyJ2IjoiMSJ9.xsKdN7KFqRWh91hgIhV6LaEVVOamx6QsBJEKiFbN9PcwMWFgbRqrpo1iSsc2xNhl6EUnOxMQkEhQwJdyiXAVM-vsNUIECLEdPd62EJUogNL7JwZ_c-ux19QXJYdubwWkLdmVy6f9P8xIAAMEjug6ZW_qR5F34o23co5wVl7Q7jGPFNXUs1YhcHt-GZNX0qBueXzQo-8lZbrrVYW0x5_ohJDZ49HBqpeGQTcOU6mTOmt3ZqpYfk3VVIaj0L49a-aIAZQEwkL6zCke118hNhQkaxHwm88RxhhBIu9BMH0-QohXYQcTUNjSlC0XUsnXfrgFMHXW8XA6RB8B0-dPAEwoT7ssHRVE9WjJsuHBIR9KCiA.p376SLcow3rcNOcwS7nCE259sj_d7dX-5NRLiBZJMvk&dib_tag=se&qid=1737566088&s=computers&sr=1-290&xpid=4diLpKEnc_Nj3,2025-01-22 22:58:42,MSI,MSI,Thin 15,Cosmos Gray,Laptop,46.8 Centimeters,32.1 Centimeters,40 Centimetres,1920 x 1080 pixel,,8.4 x 32.1 x 46.8 cm; 3.35 kg,1 Lithium Polymer batteries required. (included),,Intel,Core i5,4.6,1,16,DDR4,,64 GB,,SSD,Headphones,,NVIDIA,Dedicated,GDDR6,4 GB,PCI Express,Wi-Fi,3,9.6 Volts,,,Windows 11 Home,,Yes,52.4 Watt Hours,3,Laptop,,3 kg 350 g,B0CV9H7TN6,"4.2
7 ratings
4.2 out of 5 stars","#17,967 in Computers & Accessories (See Top 100 in Computers & Accessories)
#520 in Traditional Laptops",9 February 2024,"Micro-Star International Co., Ltd. No. 88 East Qianjin Road, Kunshan City, Jiangsu, China","Micro-Star International Co., Ltd. No. 88 East Qianjin Road, Kunshan City, Jiangsu, China",8.4 x 32.1 x 46.8 Centimeters,1 Count,Laptop,NVIDIA GeForce RTX 2050,,,,,,,,,,,,,,,,,,,,,,,,,,,,,,,,,,,,,,,,,,
"Acer Aspire Lite AMD Ryzen 5 5500U Premium Thin and Light Laptop (16 GB RAM/1 TB SSD/Windows 11 Home) AL15-41, 39.62 cm (15.6"") Full HD Display, Metal Body, Steel Gray, 1.59 KG","37,990",https://www.amazon.in/Acer-Premium-Windows-AL15-41-Display/dp/B0CKLWMKYX/ref=sr_1_291?dib=eyJ2IjoiMSJ9.xsKdN7KFqRWh91hgIhV6LaEVVOamx6QsBJEKiFbN9PcwMWFgbRqrpo1iSsc2xNhl6EUnOxMQkEhQwJdyiXAVM-vsNUIECLEdPd62EJUogNL7JwZ_c-ux19QXJYdubwWkLdmVy6f9P8xIAAMEjug6ZW_qR5F34o23co5wVl7Q7jGPFNXUs1YhcHt-GZNX0qBueXzQo-8lZbrrVYW0x5_ohJDZ49HBqpeGQTcOU6mTOmt3ZqpYfk3VVIaj0L49a-aIAZQEwkL6zCke118hNhQkaxHwm88RxhhBIu9BMH0-QohXYQcTUNjSlC0XUsnXfrgFMHXW8XA6RB8B0-dPAEwoT7ssHRVE9WjJsuHBIR9KCiA.p376SLcow3rcNOcwS7nCE259sj_d7dX-5NRLiBZJMvk&dib_tag=se&qid=1737566088&s=computers&sr=1-291&xpid=4diLpKEnc_Nj3,2025-01-22 22:58:42,Acer,Acer,Aspire Lite,Steel Gray,Clamshell,,,15.6 Inches,1920 x 1080 pixels,1920 x 1080 Pixels,,1 A batteries required. (included),AL15-41,AMD,Ryzen 5,2.1 GHz,1,16 GB,DDR4,DDR4 SDRAM,32 GB,,SSD,Speakers,,AMD,Integrated,DDR4 SDRAM,,Integrated,Wi-Fi,2,19 Volts,65 Watts,,Windows 11 Home,,Yes,36 Watt Hours,3,"1U (contains Laptop 1N, Power cord 1N, Adapter 1N, User Manual 1N)",China,1 kg 590 g,B0CKLWMKYX,"3.9
53 ratings
3.9 out of 5 stars","#10,131 in Computers & Accessories (See Top 100 in Computers & Accessories)
#325 in Traditional Laptops",6 October 2023,"ACER INDIA PRIVATE LIMITED, RS No.38/2, Sedarpet Village, Villanur Commune, Poducherry - 605111.","ACER INDIA PRIVATE LIMITED Embassy Heights, 6th Floor, No. 13, Magrath Road, Next to HOSMAT Hospital, Bangalore, INDIA – 560025",,1 Count,Laptop,AMD Radeon Graphics,48.1 x 32.7 x 8.7 cm; 1.59 kg,Solid State,2,1,3,,,,,,,,,,,,,,,,,,,,,,,,,,,,,,,,,,,,,
"HP Laptop 15s, 12th Gen Intel Core i7-1255U, 15.6-inch (39.6 cm), FHD, 16GB DDR4, 512GB SSD, Intel Iris Xe Graphics, Backlit KB, Thin & Light (Win 11, MSO 2021, Silver, 1.69 kg), fq5190TU","67,990",https://www.amazon.in/HP-i7-1255U-15-6-inch-Graphics-fq5190TU/dp/B0C3D99LTP/ref=sr_1_292?dib=eyJ2IjoiMSJ9.xsKdN7KFqRWh91hgIhV6LaEVVOamx6QsBJEKiFbN9PcwMWFgbRqrpo1iSsc2xNhl6EUnOxMQkEhQwJdyiXAVM-vsNUIECLEdPd62EJUogNL7JwZ_c-ux19QXJYdubwWkLdmVy6f9P8xIAAMEjug6ZW_qR5F34o23co5wVl7Q7jGPFNXUs1YhcHt-GZNX0qBueXzQo-8lZbrrVYW0x5_ohJDZ49HBqpeGQTcOU6mTOmt3ZqpYfk3VVIaj0L49a-aIAZQEwkL6zCke118hNhQkaxHwm88RxhhBIu9BMH0-QohXYQcTUNjSlC0XUsnXfrgFMHXW8XA6RB8B0-dPAEwoT7ssHRVE9WjJsuHBIR9KCiA.p376SLcow3rcNOcwS7nCE259sj_d7dX-5NRLiBZJMvk&dib_tag=se&qid=1737566088&s=computers&sr=1-292&xpid=4diLpKEnc_Nj3,2025-01-22 22:58:42,HP,HP,15s-fq5190TU,Natural Silver,Netbook,52.5 Centimeters,7.3 Centimeters,39.6 Centimetres,1920 x 1080 pixels,1920 x 1080 Pixels,52.5 x 7.3 x 52.5 cm; 1.7 kg,1 Lithium Ion batteries required. (included),15s-fq5190TU,Intel,Core i7,4.7 GHz,1,16 GB,DDR4,,16 GB,512 GB,SSD,"Headphones, Speakers",Dual speakers,Intel,Integrated,VRAM,,Integrated,"Bluetooth, Wi-Fi",2,,,,Windows 11 Home,7 Hours,Yes,41 Watt Hours,3,"Laptop, Power Adapter, User Manual",China,1 kg 700 g,B0C3D99LTP,"3.7
111 ratings
3.7 out of 5 stars","#15,670 in Computers & Accessories (See Top 100 in Computers & Accessories)
#451 in Traditional Laptops",24 April 2023,"SG66 – QUANTA CQ Tech-Front (CHongqing) computer CO.,LTD 18#, comprehensive bonded zone avenue, Shapingba District 401332 Chongqing China","HP India Sales pvt limited, 24 kothari Arena, Hosur main road, Adugodi , Bangalore -560030.",52.5 x 7.3 x 52.5 Centimeters,1 Piece,Laptop,Intel Iris Xe Graphics,,,,1,,3200 GHz,PC,,,,,,,,,,,,,,,,,,,,,,,,,,,,,,,,,,,
"Lenovo IdeaPad Slim 5 13th Gen Intel Core i5 13500H 16"" (40.6cm) 2.5K IPS 350Nits Laptop (16GB/1TB SSD/Win 11/Office 2021/Backlit KB/FHD 1080p Camera/Alexa/3 Month Game Pass/Grey/1.89Kg), 82XF0077IN","73,490",https://www.amazon.in/Lenovo-IdeaPad-350Nits-Backlit-82XF0077IN/dp/B0CNK232CB/ref=sr_1_293?dib=eyJ2IjoiMSJ9.xsKdN7KFqRWh91hgIhV6LaEVVOamx6QsBJEKiFbN9PcwMWFgbRqrpo1iSsc2xNhl6EUnOxMQkEhQwJdyiXAVM-vsNUIECLEdPd62EJUogNL7JwZ_c-ux19QXJYdubwWkLdmVy6f9P8xIAAMEjug6ZW_qR5F34o23co5wVl7Q7jGPFNXUs1YhcHt-GZNX0qBueXzQo-8lZbrrVYW0x5_ohJDZ49HBqpeGQTcOU6mTOmt3ZqpYfk3VVIaj0L49a-aIAZQEwkL6zCke118hNhQkaxHwm88RxhhBIu9BMH0-QohXYQcTUNjSlC0XUsnXfrgFMHXW8XA6RB8B0-dPAEwoT7ssHRVE9WjJsuHBIR9KCiA.p376SLcow3rcNOcwS7nCE259sj_d7dX-5NRLiBZJMvk&dib_tag=se&qid=1737566088&s=computers&sr=1-293&xpid=4diLpKEnc_Nj3,2025-01-22 22:58:42,Lenovo,Lenovo,IdeaPad Slim 5 16IRL8,Cloud Grey,Ultra-Portable,50.7 Centimeters,32.8 Centimeters,16 Inches,Illy,2560 x 1600 Pixels,7.7 x 32.8 x 50.7 cm; 1.89 kg,1 Lithium Polymer batteries required. (included),82XF0077IN,Intel,Core i5,2.6 GHz,12,16 GB,Lpddr 5,DDR5 RAM,16 GB,1 TB,SSD,"Headphones, Speakers","Stereo speakers, 2W x2, optimized with Dolby Audio",Intel,Integrated,Shared,,Integrated,Wi-Fi,4,,65 Watts,No Optical Drive,Windows 11 Home,9 Hours,Yes,75.4 Watt Hours,3,Laptop,China,1 kg 890 g,B0CNK232CB,"4.0
67 ratings
4.0 out of 5 stars","#9,869 in Computers & Accessories (See Top 100 in Computers & Accessories)
#316 in Traditional Laptops",17 November 2023,"One of the below: Hefei Bitland Information Technology Co.,Ltd - No.4088 Jiuxiu Road National Hefei economic & technology development area Hefei Anhui China LCFC（Hefei) Electronics Technology Co., Ltd. - NO.1-3188,YUNGU ROAD, HEFEI EXPORT PROCESSING ZONE. ANHUI PROVINCE,CHINA Tech-Com(Shanghai) Computer Co Ltd - No.6 Ln.58,San-Zhuang Rd., Songjiang EPZ ShangHai, China Wistron InfoComm (Kunshan) Co.Ltd - 168# First Avenue, Kunshan Export Processing Zone, Kunshan, Jiangsu, China Compal information technology (kunshan) CO., LTD. - Address: No. 58, the 1st street, Kunshan Export Processing Zone, Jiangsu, P.R.O.C. CHINA Kunshan Hichain storage Co. Ltd - No. 88 Xinxiang Road Avenue Kunshan CBZ Wujiang Hichain warehousing LTD - No.2088 Pangjin road, Wujiang economic development area, Jiangsu, China","Lenovo (India) Private Limited, RBD Icon, Level 2, Doddenakundi Village, Marathahalli Outer Ring Road, K. R. Puram Hobli, Bangalore 560037, Karnataka, India",7.7 x 32.8 x 50.7 Centimeters,1 Piece,Laptop,Intel Iris Xe Graphics,,PCIE x 4,,1,,,,Bluetooth,1080 Pixels,,,,,,,,,,,,,,,,,,,,,,,,,,,,,,,,,
"ASUS Vivobook 15X OLED, 2.8K (2880 x 1620) 16:9, Core i5-1335U Processor 1.3 GHz, Thin & Light Laptop (16GB RAM/512GB SSD/Windows 11/Office Home/50Whr Battery/Cool Silver/1.60 kg), K3504VAD-MA542WS","63,990",https://www.amazon.in/ASUS-Vivobook-OLED-2-8K-2880/dp/B08H1MNSD7/ref=sr_1_294?dib=eyJ2IjoiMSJ9.xsKdN7KFqRWh91hgIhV6LaEVVOamx6QsBJEKiFbN9PcwMWFgbRqrpo1iSsc2xNhl6EUnOxMQkEhQwJdyiXAVM-vsNUIECLEdPd62EJUogNL7JwZ_c-ux19QXJYdubwWkLdmVy6f9P8xIAAMEjug6ZW_qR5F34o23co5wVl7Q7jGPFNXUs1YhcHt-GZNX0qBueXzQo-8lZbrrVYW0x5_ohJDZ49HBqpeGQTcOU6mTOmt3ZqpYfk3VVIaj0L49a-aIAZQEwkL6zCke118hNhQkaxHwm88RxhhBIu9BMH0-QohXYQcTUNjSlC0XUsnXfrgFMHXW8XA6RB8B0-dPAEwoT7ssHRVE9WjJsuHBIR9KCiA.p376SLcow3rcNOcwS7nCE259sj_d7dX-5NRLiBZJMvk&dib_tag=se&qid=1737566088&s=computers&sr=1-294&xpid=4diLpKEnc_Nj3,2025-01-22 22:58:42,ASUS,ASUS,ASUS Vivobook 15X OLED,Cool Silver,,,,15.6 Inches,,2880 x 1620,,1 Lithium Ion batteries required. (included),K3504VAD-MA542WS,Intel,Intel Core i5,1.3 GHz,1,,DDR4,,16 GB,512 GB,SSD,,,Intel,Integrated,Shared,,Integrated,"Bluetooth, Wi-Fi",,,,No optical device,Windows 11 Home,,Yes,50 Watt Hours,3,"Laptop, Power Adaptor, User Guide, Warranty Documents",,1 kg 600 g,B08H1MNSD7,"4.5
2 ratings
4.5 out of 5 stars","#22,734 in Computers & Accessories (See Top 100 in Computers & Accessories)
#640 in Traditional Laptops",11 October 2024,"TECH FRONT (CHONGQING) COMPUTER CO. LTD. NO. 18, ZONGBAO ROAD, SHAPINGBA DISTRICT CHONGQING, CHINA","ASUS INDIA PRIVATE LIMITED, 402, Supreme chambers, 17/18, Shah Industrial Estate, Veera Desai Road, Andheri (west), Mumbai 400053, India",,1 Count,Laptop,,46.1 x 28.9 x 6.7 cm; 1.6 kg,,1,,,,,,,,,,,,,,,,,,,,,,,,,,,,,,,,,,,,,,,
"Lenovo Thinkbook 15 G5 AMD Ryzen 3 15.6"" FHD IPS Antiglare 300 NITS Thin and Light Laptop (8GB Ram/512GB SSD/Windows 11 Home/Fpr/Mineral Grey/1 Year Onsite/1.7 Kg), 21JFA02RIN","34,990",https://www.amazon.in/Lenovo-Thinkbook-Antiglare-Windows-21Jfa02Rin/dp/B0CZ7BJ6YY/ref=sr_1_295?dib=eyJ2IjoiMSJ9.xsKdN7KFqRWh91hgIhV6LaEVVOamx6QsBJEKiFbN9PcwMWFgbRqrpo1iSsc2xNhl6EUnOxMQkEhQwJdyiXAVM-vsNUIECLEdPd62EJUogNL7JwZ_c-ux19QXJYdubwWkLdmVy6f9P8xIAAMEjug6ZW_qR5F34o23co5wVl7Q7jGPFNXUs1YhcHt-GZNX0qBueXzQo-8lZbrrVYW0x5_ohJDZ49HBqpeGQTcOU6mTOmt3ZqpYfk3VVIaj0L49a-aIAZQEwkL6zCke118hNhQkaxHwm88RxhhBIu9BMH0-QohXYQcTUNjSlC0XUsnXfrgFMHXW8XA6RB8B0-dPAEwoT7ssHRVE9WjJsuHBIR9KCiA.p376SLcow3rcNOcwS7nCE259sj_d7dX-5NRLiBZJMvk&dib_tag=se&qid=1737566088&s=computers&sr=1-295&xpid=4diLpKEnc_Nj3,2025-01-22 22:58:42,Lenovo,Lenovo,ThinkBook 15 G5,Mineral Grey,Laptop,49.9 Centimeters,30.9 Centimeters,15.6 Inches,,,7.7 x 30.9 x 49.9 cm; 2.54 kg,1 Lithium Polymer batteries required. (included),,AMD,Ryzen 3,2.3 GHz,1,,DDR4,,16 GB,8 GB,SSD,Headphones,,AMD,Integrated,Shared,,Integrated,Wi-Fi,,,,No Optical Drive,Windows 11 Home,,Yes,45 Watt Hours,3,"Laptop, User manual, Adapter",,2 kg 540 g,B0CZ7BJ6YY,"3.4
11 ratings
3.4 out of 5 stars","#6,159 in Computers & Accessories (See Top 100 in Computers & Accessories)
#200 in Traditional Laptops",27 March 2024,"Compal Information Technology ( KUNSHUN) co.ltd No.58 First Avenue, A Zone KUNSHAN Comprehensive Free Trade Zone, KUNSHAN, Jiangsu China","Lenovo India Pvt Ltd, RBD Icon, 2nd Floor, Doddenekundi Marathaalli Outer Ring Road Bangalore, India 560037",7.7 x 30.9 x 49.9 Centimeters,1 Case,Laptop,,,,,,,,,,,,,,,,,,,,,,,,,,,,,,,,,,,,,,,,,,,
"ASUS TUF Gaming F15, 15.6-inch (39.62 cms) FHD 144Hz, Intel Core i7-12700H 12th Gen, 4GB NVIDIA RTX 3050, Gaming Laptop (16GB/1TB SSD/Win11/MSO/90WHrs Battery/Gray/2.20 Kg), FX577ZC-HN192WS","80,990",https://www.amazon.in/ASUS-15-6-inch-i7-12700H-Battery-FX577ZC-HN192WS/dp/B0CRR4RDP9/ref=sr_1_296?dib=eyJ2IjoiMSJ9.xsKdN7KFqRWh91hgIhV6LaEVVOamx6QsBJEKiFbN9PcwMWFgbRqrpo1iSsc2xNhl6EUnOxMQkEhQwJdyiXAVM-vsNUIECLEdPd62EJUogNL7JwZ_c-ux19QXJYdubwWkLdmVy6f9P8xIAAMEjug6ZW_qR5F34o23co5wVl7Q7jGPFNXUs1YhcHt-GZNX0qBueXzQo-8lZbrrVYW0x5_ohJDZ49HBqpeGQTcOU6mTOmt3ZqpYfk3VVIaj0L49a-aIAZQEwkL6zCke118hNhQkaxHwm88RxhhBIu9BMH0-QohXYQcTUNjSlC0XUsnXfrgFMHXW8XA6RB8B0-dPAEwoT7ssHRVE9WjJsuHBIR9KCiA.p376SLcow3rcNOcwS7nCE259sj_d7dX-5NRLiBZJMvk&dib_tag=se&qid=1737566088&s=computers&sr=1-296&xpid=4diLpKEnc_Nj3,2025-01-22 22:58:42,ASUS,ASUS,TUF Gaming F15,"Mecha Gray, Without Offer",Gaming Laptop,42.7 Centimeters,31 Centimeters,39.62 Centimetres,1920 x 1080 pixels,1920 x 1080 Pixels,10.5 x 31 x 42.7 cm; 2.2 kg,1 Lithium Polymer batteries required. (included),FX577ZC-HN192WS_WO,Intel,Core i7,4.7 GHz,14,16,DDR4,SODIMM,32 GB,1 TB,SSD,"Headphones, Speakers","2-speaker system, Dolby Atmos, Hi-Res certification",NVIDIA,Dedicated,GDDR6,4 GB,PCI Express,"Bluetooth, Wi-Fi",4,20 Volts (DC),,No Optical Storage,Windows 11 Home,,Yes,90 Watt Hours,4,"Laptop, Adaptor, User Manual",China,2 kg 200 g,B0CRR4RDP9,"3.9
19 ratings
3.9 out of 5 stars","#7,370 in Computers & Accessories (See Top 100 in Computers & Accessories)
#249 in Traditional Laptops",26 July 2023,"TECH FRONT ( CHONGQING) Computer Co. Ltd, NO 18 , Zongbao Road, Shapingba Dist,Chongquing, China","ASUS INDIA PRIVATE LIMITED, 402, Supreme chambers, 17/18, Shah Industrial Estate, Veer Desai Road, Andheri (west), Mumbai 400053, India",10.5 x 31 x 42.7 Centimeters,1 Count,Gaming Laptop,NVIDIA GeForce RTX 3050,,,,,,3200 MHz,,"Bluetooth, 802.11ax",,,,,,,,,,,,,,,,,,,,,,,,,,,,,,,,,,
"Acer One 14 AMD Ryzen 3 3250U Processor (8GB RAM/512GB SSD/AMD Radeon Graphics/Windows 11 Home) Thin and Light Laptop Z2-493 with 35.56 cm (14.0"") HD Display","24,980",https://www.amazon.in/Acer-Processor-Graphics-Windows-Z2-493/dp/B0C3R5VWP3/ref=sr_1_297?dib=eyJ2IjoiMSJ9.xsKdN7KFqRWh91hgIhV6LaEVVOamx6QsBJEKiFbN9PcwMWFgbRqrpo1iSsc2xNhl6EUnOxMQkEhQwJdyiXAVM-vsNUIECLEdPd62EJUogNL7JwZ_c-ux19QXJYdubwWkLdmVy6f9P8xIAAMEjug6ZW_qR5F34o23co5wVl7Q7jGPFNXUs1YhcHt-GZNX0qBueXzQo-8lZbrrVYW0x5_ohJDZ49HBqpeGQTcOU6mTOmt3ZqpYfk3VVIaj0L49a-aIAZQEwkL6zCke118hNhQkaxHwm88RxhhBIu9BMH0-QohXYQcTUNjSlC0XUsnXfrgFMHXW8XA6RB8B0-dPAEwoT7ssHRVE9WjJsuHBIR9KCiA.p376SLcow3rcNOcwS7nCE259sj_d7dX-5NRLiBZJMvk&dib_tag=se&qid=1737566088&s=computers&sr=1-297&xpid=4diLpKEnc_Nj3,2025-01-22 22:58:42,Acer,Z2-493,Acer One 14 Z2-493,Light Rose Gold,laptop,46.6 Centimeters,8.8 Centimeters,14 Inches,1366 x 768 pixel,1366 X 768 (HD) Pixels,46.6 x 8.8 x 46.6 cm; 1.5 kg,1 Lithium Ion batteries required. (included),Z2-493,AMD,Ryzen 3 3250U,2.6 GHz,1,8 GB,DDR4,DDR4 SDRAM,32 GB,,SSD,Speakers,,AMD,Integrated,DRAM,8 GB,Integrated,Wi-Fi,3,,36 Watt Hours,,Windows 11 Home,,Yes,36 Watt Hours,3,"1U (contains Laptop 1N, Power cord 1N, Adapter 1N, User Manual 1N)",,1 kg 500 g,B0C3R5VWP3,"3.6
205 ratings
3.6 out of 5 stars","#17,031 in Computers & Accessories (See Top 100 in Computers & Accessories)
#493 in Traditional Laptops",9 March 2023,"Clevo, KAPOK COMPUTER(KUNSHAN) CO.LTD, NO.200 The Second Street Kunshan Export Processing Zone, JIANGSU, KUNSHAN ,215300 CHINA","ACER INDIA PRIVATE LIMITED Embassy Heights, 6th Floor, No. 13 Magrath Road, Next to HOSMAT Hospital, Bangalore, INDIA – 560025",46.6 x 8.8 x 46.6 Centimeters,1 Count,Laptops,AMD Radeon Graphics,,Solid State,,1,3,,,802.11ac,,Battery Powered,,,,,,,,,,,,,,,,,,,,,,,,,,,,,,,,
"HP Envy x360, 13th Gen Intel Core i5-1335U, 15.6-inch (39.6 cm) FHD,Creator Laptop,16GB LPDDR5, 512GB SSD, Intel Iris Xe Graphics, 5MP IR Camera, B&O, Pen (Win 11,MSO, Black, 2.14 kg), 15-fe0027TU","85,900",https://www.amazon.in/HP-i5-1335U-15-6-inch-Graphics-15-fe0027TU/dp/B0CGDWGXGP/ref=sr_1_298?dib=eyJ2IjoiMSJ9.xsKdN7KFqRWh91hgIhV6LaEVVOamx6QsBJEKiFbN9PcwMWFgbRqrpo1iSsc2xNhl6EUnOxMQkEhQwJdyiXAVM-vsNUIECLEdPd62EJUogNL7JwZ_c-ux19QXJYdubwWkLdmVy6f9P8xIAAMEjug6ZW_qR5F34o23co5wVl7Q7jGPFNXUs1YhcHt-GZNX0qBueXzQo-8lZbrrVYW0x5_ohJDZ49HBqpeGQTcOU6mTOmt3ZqpYfk3VVIaj0L49a-aIAZQEwkL6zCke118hNhQkaxHwm88RxhhBIu9BMH0-QohXYQcTUNjSlC0XUsnXfrgFMHXW8XA6RB8B0-dPAEwoT7ssHRVE9WjJsuHBIR9KCiA.p376SLcow3rcNOcwS7nCE259sj_d7dX-5NRLiBZJMvk&dib_tag=se&qid=1737566088&s=computers&sr=1-298&xpid=4diLpKEnc_Nj3,2025-01-22 22:58:42,HP,HP,15-fe0027TU,Nightfall Black,Convertible,,,39.6 Centimetres,1920 x 1080 pixel,1920 x 1080 Pixels,,1 Lithium Ion batteries required. (included),15-fe0027TU,Intel,Core i5,4.6 GHz,1,16 GB,Lpddr 5,,16 GB,512 GB,SSD,"Headphones, Speakers",Audio by B&O,Intel,Integrated,VRAM,,Integrated,"Bluetooth, Wi-Fi",2,240 Volts,,,Windows 11 Home,,Yes,55 Watt Hours,4,"Laptop, Power Adapter, User Manual, Pen",,2 kg 140 g,B0CGDWGXGP,"3.0
6 ratings
3.0 out of 5 stars","#17,928 in Computers & Accessories (See Top 100 in Computers & Accessories)
#519 in Traditional Laptops",22 August 2023,"SG69 - Compal NO. 15, THIRD AVENUE, A ZONE, KUNSHAN COMPREHENSIVE FREETRADE ZONE, KUNSHAN, JIANGSU, CHINA","HP India Sales pvt limited, 24 kothari Arena, Hosur main road, Adugodi , Bangalore -560030.",,,Laptop,Intel Iris Xe Graphics,54.7 x 31.6 x 7 cm; 2.14 kg,,,,,,,,5 MP,Battery Powered,,,,,,,,,,,,,,,,,,,,,,,,,,,,,,,,
(Refurbished) Dell Latitude 3410 10th Gen Intel Core i5 Thin & Light HD Laptop (8 GB DDR4 RAM/256 GB SSD/14 (35.6 cm) HD/Windows 11/MS Office/WiFi/Webcam/Intel UHD Graphics),"20,025",https://www.amazon.in/Refurbished-Dell-Latitude-Windows-Graphics/dp/B0D98HXK35/ref=sr_1_289?dib=eyJ2IjoiMSJ9.xsKdN7KFqRWh91hgIhV6LaEVVOamx6QsBJEKiFbN9PcwMWFgbRqrpo1iSsc2xNhl6EUnOxMQkEhQwJdyiXAVM-vsNUIECLEdPd62EJUogNL7JwZ_c-ux19QXJYdubwWkLdmVy6f9P8xIAAMEjug6ZW_qR5F34o23co5wVl7Q7jGPFNXUs1YhcHt-GZNX0qBueXzQo-8lZbrrVYW0x5_ohJDZ49HBqpeGQTcOU6mTOmt3ZqpYfk3VVIaj0L49a-aIAZQEwkL6zCke118hNhQkaxHwm88RxhhBIu9BMH0-QohXYQcTUNjSlC0XUsnXfrgFMHXW8XA6RB8B0-dPAEwoT7ssHRVE9WjJsuHBIR9KCiA.p376SLcow3rcNOcwS7nCE259sj_d7dX-5NRLiBZJMvk&dib_tag=se&qid=1737566088&s=computers&sr=1-289&xpid=4diLpKEnc_Nj3,2025-01-22 22:58:42,Dell,Dell,Dell Latitude,,Laptop,,,14 Inches,1366 x 768,1366 x 768 Pixels,,1 Lithium Ion batteries required. (included),,Intel,Intel Core i5,1.6 GHz,1,,DDR4,,16 GB,256 GB,SSD,Headphones,,Intel,Integrated,Shared,,,Wi-Fi,,28 Volts,,,Windows,,Yes,55 Kilowatt Hours,3,"Laptop, Power Cord, Battery",,1 kg 800 g,B0D98HXK35,"3.3
14 ratings
3.3 out of 5 stars","#23,854 in Computers & Accessories (See Top 100 in Computers & Accessories)
#61 in 4 star rated refurbished products
#84 in Renewed Black Friday and Cyber Monday Sale
#663 in Traditional Laptops",11 July 2024,,,,1.00 count,,,45 x 35 x 15 cm; 1.8 kg,,,,,,,,,,,,,,,,,,,,,,,,,,,,,,,,,,,,,,,,,
"ASUS Vivobook 15, Intel Core i5-1235U 12th Gen, 15.6"" (39.62 cm) FHD, Thin and Light Laptop (16GB RAM/512GB SSD/Win11//Backlit Keyboard/Silver/1.7 kg), X1504ZA-NJ542WS","46,900",https://www.amazon.in/ASUS-Vivobook-i5-1235U-Keyboard-X1504ZA-NJ542WS/dp/B0CZ2XSK13/ref=sr_1_290?dib=eyJ2IjoiMSJ9.xsKdN7KFqRWh91hgIhV6LaEVVOamx6QsBJEKiFbN9PcwMWFgbRqrpo1iSsc2xNhl6EUnOxMQkEhQwJdyiXAVM-vsNUIECLEdPd62EJUogNL7JwZ_c-ux19QXJYdubwWkLdmVy6f9P8xIAAMEjug6ZW_qR5F34o23co5wVl7Q7jGPFNXUs1YhcHt-GZNX0qBueXzQo-8lZbrrVYW0x5_ohJDZ49HBqpeGQTcOU6mTOmt3ZqpYfk3VVIaj0L49a-aIAZQEwkL6zCke118hNhQkaxHwm88RxhhBIu9BMH0-QohXYQcTUNjSlC0XUsnXfrgFMHXW8XA6RB8B0-dPAEwoT7ssHRVE9WjJsuHBIR9KCiA.p376SLcow3rcNOcwS7nCE259sj_d7dX-5NRLiBZJMvk&dib_tag=se&qid=1737566088&s=computers&sr=1-290&xpid=4diLpKEnc_Nj3,2025-01-22 22:58:42,ASUS,ASUS,ASUS Vivobook,"Silver, 16GB RAM",Ultra-Portable,,,15.6 Inches,1920 x 1080 pixels,1920 x 1080 Pixels,,1 Lithium Polymer batteries required. (included),X1504ZA-NJ542WS,Intel,Core i5,1.3 GHz,10,,DDR4,,24 GB,512 GB,SSD,"Headphones, Speakers",,Intel,Integrated,Shared,,PCI Express,"Bluetooth, Wi-Fi",3,19 Volts,,No Optical Storage,Windows 11 Home,,Yes,42 Watt Hours,3,"Laptop, Adapter & User Manual",,1 kg 700 g,B0CZ2XSK13,"3.6
10 ratings
3.6 out of 5 stars","#9,165 in Computers & Accessories (See Top 100 in Computers & Accessories)
#297 in Traditional Laptops",26 March 2024,"DIGITEK (CHONGQING) Limited, B01 SEC C Airport Function Zone Lianglu Cuntan Free Trade Port Area, Yubei District, China","ASUS INDIA PRIVATE LIMITED, 402, Supreme chambers, 17/18, Shah Industrial Estate, Veera Desai Road, Andheri (West), Mumbai 400053, India",,1 Count,Laptop,Intel Iris Xe Graphics,48.29 x 41.4 x 6.5 cm; 1.7 kg,Solid State,1,,,3200 MHz,,"Bluetooth, 802.11ax",,,200 Grams,,,,,,,,,,,,,,,,,,,,,,,,,,,,,,,
"ASUS TUF Gaming F17 (2022), 17.3""(43.94 cms) FHD 144Hz, Intel Core i5-12500H 12th Gen, RTX 3050 4GB GPU, Gaming Laptop (16GB/512GB SSD/90WHr Battery/Windows 11/Gray/2.6 Kg), FX707ZC4-HX067W","67,990",https://www.amazon.in/ASUS-i5-12500H-Battery-Windows-FX707ZC4-HX067W/dp/B0C8JJWSXP/ref=sr_1_291?dib=eyJ2IjoiMSJ9.xsKdN7KFqRWh91hgIhV6LaEVVOamx6QsBJEKiFbN9PcwMWFgbRqrpo1iSsc2xNhl6EUnOxMQkEhQwJdyiXAVM-vsNUIECLEdPd62EJUogNL7JwZ_c-ux19QXJYdubwWkLdmVy6f9P8xIAAMEjug6ZW_qR5F34o23co5wVl7Q7jGPFNXUs1YhcHt-GZNX0qBueXzQo-8lZbrrVYW0x5_ohJDZ49HBqpeGQTcOU6mTOmt3ZqpYfk3VVIaj0L49a-aIAZQEwkL6zCke118hNhQkaxHwm88RxhhBIu9BMH0-QohXYQcTUNjSlC0XUsnXfrgFMHXW8XA6RB8B0-dPAEwoT7ssHRVE9WjJsuHBIR9KCiA.p376SLcow3rcNOcwS7nCE259sj_d7dX-5NRLiBZJMvk&dib_tag=se&qid=1737566088&s=computers&sr=1-291&xpid=4diLpKEnc_Nj3,2025-01-22 22:58:42,ASUS,ASUS,,,Ultra-Portable,,,17.3 Inches,1920 x 1080 pixels,1920 x 1080 Pixels,48.7 x 10.5 x 48.7 cm; 2.6 kg,1 Lithium Ion batteries required. (included),FX707ZC4-HX067W,Intel,Core i5,4.5 GHz,12,16 GB,,SODIMM,,512 GB,SSD,,,,Dedicated,GDDR6,4 GB,PCI Express,,,20 Volts,200 Watts,No Optical Storage,Windows 11 Home,,,,,,India,2 kg 600 g,B0C8JJWSXP,"3.5
98 ratings
3.5 out of 5 stars","#70,301 in Electronics (See Top 100 in Electronics)
#507 in Traditional Laptops",14 July 2023,"TECH FRONT ( CHONGQING) Computer Co. Ltd, NO 18 , Zongbao Road, Shapingba Dist,Chongquing, China","ASUS INDIA PRIVATE LIMITED, 402, Supreme chambers, 17/18, Shah Industrial Estate, Veera Desai Road, Andheri (West), Mumbai 400053, India",48.7 x 10.5 x 48.7 Centimeters,1 Count,Gaming Laptop,NVIDIA GeForce RTX 3050,,Solid State,,,,,PC,"Bluetooth, 802.11ax",,Battery Powered,,FX707ZC4-HX067W,ASUS TUF Gaming F17,2022,512 GB,2,512 GB,16 GB,32 GB,DDR4,12500H,USB Type C,"HD Audio, Backlit Keyboard, Anti Glare Coating",intel,"Laptop, Adapter & User Manual",1,McAfee - Antivirus (1 Year Validity),LCD,LCD,"Headphones, Speakers",6 Hours,Yes,Yes,Lithium Polymer,144 Hz,4,Backlit,"Bluetooth, Wi-Fi, USB, Ethernet, HDMI",Gaming Laptop,,,
"ASUS ROG Ally X Handheld Gaming Console, 7"" FHD 16:9 120Hz 500 nits, AMD Ryzen Z1 Extreme Processor (24GB RAM/1TB SSD/AMD Radeon Graphics/Windows 11 Home/Black/678 g), RC72LA-NH021W","89,990",https://www.amazon.in/ASUS-Ally-Handheld-Gaming-Console/dp/B0D9BLFKJQ/ref=sr_1_292?dib=eyJ2IjoiMSJ9.xsKdN7KFqRWh91hgIhV6LaEVVOamx6QsBJEKiFbN9PcwMWFgbRqrpo1iSsc2xNhl6EUnOxMQkEhQwJdyiXAVM-vsNUIECLEdPd62EJUogNL7JwZ_c-ux19QXJYdubwWkLdmVy6f9P8xIAAMEjug6ZW_qR5F34o23co5wVl7Q7jGPFNXUs1YhcHt-GZNX0qBueXzQo-8lZbrrVYW0x5_ohJDZ49HBqpeGQTcOU6mTOmt3ZqpYfk3VVIaj0L49a-aIAZQEwkL6zCke118hNhQkaxHwm88RxhhBIu9BMH0-QohXYQcTUNjSlC0XUsnXfrgFMHXW8XA6RB8B0-dPAEwoT7ssHRVE9WjJsuHBIR9KCiA.p376SLcow3rcNOcwS7nCE259sj_d7dX-5NRLiBZJMvk&dib_tag=se&qid=1737566088&s=computers&sr=1-292&xpid=4diLpKEnc_Nj3,2025-01-22 22:58:42,ASUS,ASUS,ROG Ally X,Black,,29 Centimeters,13.1 Centimeters,7 Inches,,1920 x 1080 Pixels,12.9 x 13.1 x 29 cm; 678 g,1 Lithium Ion batteries required. (included),RC72LA-NH021W,AMD,Z-series Dual-Core Z-01,5.1 GHz,8,,LPDDR5X,,24 GB,,SSD,,,AMD,Dedicated,GDDR6,,PCI Express,,,,,No Optical Storage,Windows 11 Home,,Yes,,4,ROG Ally X,,678 g,B0D9BLFKJQ,"4.2
8 ratings
4.2 out of 5 stars","#22,561 in Computers & Accessories (See Top 100 in Computers & Accessories)
#654 in Laptops",5 August 2024,"INVENTEC (CHONGQING) CORPORATION, NO.66, WEST DISTRICT 2ND RD, SHAPINGBA DISTRICT, CHONGQING, CHINA 401331","ASUS INDIA PRIVATE LIMITED, 402, Supreme chambers, 17/18, Shah Industrial Estate, Veera Desai Road, Andheri (West), Mumbai 400053, India",12.9 x 13.1 x 29 Centimeters,1 Count,Handheld Gaming Device,,,,,,,,,,,,,,,,,,,,,,,,,,,,,,,,,,,,,,,,,,,
"HP Pavilion x360 2-in-1 Laptop Intel® Core i7-1355U / 35.6 cm (14 inch) FHD,multitouch-Enabled, IPS,5 MP Camera,(16GB /512 GB/Intel® Iris® Xᵉ Graphics/Win 11/B&O/Backlit Keyboard/MSO),14-ek1021TU","94,990",https://www.amazon.in/HP-Pavilion-x360-multitouch-Enabled-14-ek1021TU/dp/B0CBBWW9YW/ref=sr_1_293?dib=eyJ2IjoiMSJ9.xsKdN7KFqRWh91hgIhV6LaEVVOamx6QsBJEKiFbN9PcwMWFgbRqrpo1iSsc2xNhl6EUnOxMQkEhQwJdyiXAVM-vsNUIECLEdPd62EJUogNL7JwZ_c-ux19QXJYdubwWkLdmVy6f9P8xIAAMEjug6ZW_qR5F34o23co5wVl7Q7jGPFNXUs1YhcHt-GZNX0qBueXzQo-8lZbrrVYW0x5_ohJDZ49HBqpeGQTcOU6mTOmt3ZqpYfk3VVIaj0L49a-aIAZQEwkL6zCke118hNhQkaxHwm88RxhhBIu9BMH0-QohXYQcTUNjSlC0XUsnXfrgFMHXW8XA6RB8B0-dPAEwoT7ssHRVE9WjJsuHBIR9KCiA.p376SLcow3rcNOcwS7nCE259sj_d7dX-5NRLiBZJMvk&dib_tag=se&qid=1737566088&s=computers&sr=1-293&xpid=4diLpKEnc_Nj3,2025-01-22 22:58:42,HP,HP,HP Pavilion x360 2-in-1 Laptop 14-ek1021TU,Natural Silver,Convertible,45 Centimeters,30.6 Centimeters,35.6 Centimetres,1920 x 1080 pixel,1920 x 1080 Pixels,7 x 30.6 x 45 cm; 1.51 kg,1 Lithium Polymer batteries required. (included),HP Pavilion x360 14-ek1021TU,Intel,Core i7,5 GHz,1,16 GB,DDR4,DDR4 SDRAM,16 GB,512 GB,SSD,"Headphones, Speakers","Audio by Bang & Olufsen, dual stereo speakers",Intel,Integrated,DDR4 SDRAM,16 GB,Integrated,"Bluetooth, Wi-Fi",2,240 Volts,43 Watt Hours,,Windows 11 Home,14 Hours,Yes,43 Watt Hours,3,"Laptop, charger",China,1 kg 510 g,B0CBBWW9YW,"4.1
50 ratings
4.1 out of 5 stars","#14,437 in Computers & Accessories (See Top 100 in Computers & Accessories)
#431 in Traditional Laptops",7 July 2023,"SG68- Wistron Wistron Infocomm ( Chongqing) Co.Ltd., No.18-9, Baohong Avenue, Wangjia Sub-District, Yubei District, Chongqing (China)","HP India Sales pvt limited, 24 kothari Arena, Hosur main road, Adugodi , Bangalore -560030.",7 x 30.6 x 45 Centimeters,,HP Pavilion x360 2-in-1 Laptop 14-ek1021TU,integrated,,USB-C,1,1,,2666 MHz,,Bluetooth,,,,,,,,,,,,,,,,,,,,,,,,,,,,,,,,,,
(Refurbished) Lenovo ThinkPad T470 7th Gen Intel Core i5 Thin & Light HD Touchscreen Laptop (8 GB DDR4 RAM/256 GB SSD/14 (35.6 cm) HD/Windows 11/MS Office/WiFi/Bluetooth/Webcam/Intel HD Graphics),"16,799",https://www.amazon.in/Refurbished-Lenovo-T470-Touchscreen-Bluetooth/dp/B0DJ18SY5Z/ref=sr_1_294?dib=eyJ2IjoiMSJ9.xsKdN7KFqRWh91hgIhV6LaEVVOamx6QsBJEKiFbN9PcwMWFgbRqrpo1iSsc2xNhl6EUnOxMQkEhQwJdyiXAVM-vsNUIECLEdPd62EJUogNL7JwZ_c-ux19QXJYdubwWkLdmVy6f9P8xIAAMEjug6ZW_qR5F34o23co5wVl7Q7jGPFNXUs1YhcHt-GZNX0qBueXzQo-8lZbrrVYW0x5_ohJDZ49HBqpeGQTcOU6mTOmt3ZqpYfk3VVIaj0L49a-aIAZQEwkL6zCke118hNhQkaxHwm88RxhhBIu9BMH0-QohXYQcTUNjSlC0XUsnXfrgFMHXW8XA6RB8B0-dPAEwoT7ssHRVE9WjJsuHBIR9KCiA.p376SLcow3rcNOcwS7nCE259sj_d7dX-5NRLiBZJMvk&dib_tag=se&qid=1737566088&s=computers&sr=1-294&xpid=4diLpKEnc_Nj3,2025-01-22 22:58:42,Lenovo,Lenovo,Lenovo ThinkPad,black,Clamshell,,,14 Inches,1366 x 768 pixels,1366 x 768 Pixels,,1 Lithium Ion batteries required. (included),T470,Intel,Intel Core i5,2.5 GHz,1,,DDR4,DDR4 SDRAM,16 GB,256 GB,SSD,"Internal, Headphones",,Intel,Integrated,Shared,,,Bluetooth,,,,,Windows,,Yes,55 Watt Hours,3,"Laptop, Power Cord, Battery",,1 kg 700 g,B0DJ18SY5Z,"3.4
61 ratings
3.4 out of 5 stars","#16,328 in Computers & Accessories (See Top 100 in Computers & Accessories)
#11 in Mega Offers on Renewed products
#473 in Traditional Laptops",26 September 2024,,,,1.00 count,,,45 x 35 x 15 cm; 1.7 kg,Solid State,,1,,,,,,,,,,,,,,,,,,,,,,,,,,,,,,,,,,,,,,
"HP Victus, 13th Gen Intel Core i7-13620H, 8GB NVIDIA RTX 4060, 16GB DDR4, 1TB SSD (Win11, Office21, Silver, 2.29kg), 144Hz, 9MS, IPS, 15.6-inch(39.6cm), FHD Gaming Laptop, Enhanced Cooling, fa1333TX","94,800",https://www.amazon.in/HP-i7-13620H-15-6-inch-Response-15-fa1333TX/dp/B0D7H15S9Z/ref=sr_1_295?dib=eyJ2IjoiMSJ9.xsKdN7KFqRWh91hgIhV6LaEVVOamx6QsBJEKiFbN9PcwMWFgbRqrpo1iSsc2xNhl6EUnOxMQkEhQwJdyiXAVM-vsNUIECLEdPd62EJUogNL7JwZ_c-ux19QXJYdubwWkLdmVy6f9P8xIAAMEjug6ZW_qR5F34o23co5wVl7Q7jGPFNXUs1YhcHt-GZNX0qBueXzQo-8lZbrrVYW0x5_ohJDZ49HBqpeGQTcOU6mTOmt3ZqpYfk3VVIaj0L49a-aIAZQEwkL6zCke118hNhQkaxHwm88RxhhBIu9BMH0-QohXYQcTUNjSlC0XUsnXfrgFMHXW8XA6RB8B0-dPAEwoT7ssHRVE9WjJsuHBIR9KCiA.p376SLcow3rcNOcwS7nCE259sj_d7dX-5NRLiBZJMvk&dib_tag=se&qid=1737566088&s=computers&sr=1-295&xpid=4diLpKEnc_Nj3,2025-01-22 22:58:42,HP,HP,HP Victus,Silver,Laptop,51.9 Centimeters,31 Centimeters,39.6 Centimetres,1920 x 1080 pixel,,7 x 31 x 51.9 cm; 3.39 kg,1 Lithium Polymer batteries required. (included),9Y0Z2PA,Intel,Intel Core i7,4.9 GHz,1,16,DDR4,,16 GB,1 TB,SSD,Headphones,,NVIDIA,Dedicated,GDDR6,8 GB,PCI Express,"Bluetooth, Wi-Fi",,5 Volts,,,Windows 11 Home,,Yes,70 Watt Hours,4,"Laptop, Charger, User Manual",China,3 kg 390 g,B0D7H15S9Z,"3.5
9 ratings
3.5 out of 5 stars","#17,804 in Computers & Accessories (See Top 100 in Computers & Accessories)
#515 in Traditional Laptops",19 June 2024,HP India Sales Pvt. Ltd.,HP India Sales Pvt. Ltd.,7 x 31 x 51.9 Centimeters,1 Count,Laptop,,,Solid State,,1,,,,Bluetooth,,,,,,,,,,,,,,,,,,,,,,,,,,,,,,,,,,
"Dell Inspiron 7440 Thin & Light Laptop, Intel Core i7-13620H Processor, 16GB DDR5 + 512GB SSD, 14"" (35.52cm) FHD+ 250nits Display, Backlit KB + FPR, Win 11 + MSO'21, 15 Months McAfee, Ice Blue, 1.60kg","85,490",https://www.amazon.in/Dell-Inspiron-7440-i7-13620H-Processor/dp/B0D83D32DK/ref=sr_1_296?dib=eyJ2IjoiMSJ9.xsKdN7KFqRWh91hgIhV6LaEVVOamx6QsBJEKiFbN9PcwMWFgbRqrpo1iSsc2xNhl6EUnOxMQkEhQwJdyiXAVM-vsNUIECLEdPd62EJUogNL7JwZ_c-ux19QXJYdubwWkLdmVy6f9P8xIAAMEjug6ZW_qR5F34o23co5wVl7Q7jGPFNXUs1YhcHt-GZNX0qBueXzQo-8lZbrrVYW0x5_ohJDZ49HBqpeGQTcOU6mTOmt3ZqpYfk3VVIaj0L49a-aIAZQEwkL6zCke118hNhQkaxHwm88RxhhBIu9BMH0-QohXYQcTUNjSlC0XUsnXfrgFMHXW8XA6RB8B0-dPAEwoT7ssHRVE9WjJsuHBIR9KCiA.p376SLcow3rcNOcwS7nCE259sj_d7dX-5NRLiBZJMvk&dib_tag=se&qid=1737566088&s=computers&sr=1-296&xpid=4diLpKEnc_Nj3,2025-01-22 22:58:42,Dell,Dell India Pvt. Ltd.,Inspiron 7440,Ice Blue,Laptop,,,14 Inches,1920 x 1080 pixel,,,1 Lithium Ion batteries required. (included),inspiron 7440,Intel,Core i7,4.9 GHz,1,16,DDR5,,32 GB,512 GB,SSD,Headphones,,Intel,Integrated,DDR5 SDRAM,,Integrated,Bluetooth,2,,,No Optical Storage Device,Windows 11 Home,,Yes,54 Watt Hours,4,Laptop | Adapter | User Manual,,1 kg 600 g,B0D83D32DK,"3.8
18 ratings
3.8 out of 5 stars","#15,793 in Computers & Accessories (See Top 100 in Computers & Accessories)
#455 in Traditional Laptops",26 June 2024,Dell India Pvt. Ltd.,Dell India Pvt. Ltd.,,1 Piece,Laptop,,40.29 x 35.4 x 6.7 cm; 1.6 kg,Solid State,,1,,,,Bluetooth,,,,,,,,,,,,,,,,,,,,,,,,,,,,,,,,,,
"Lenovo V15 G2 15.6"" FHD Anti-Glare Business Laptop, Intel Celeron N4500, 8GB RAM, 256GB PCIe SSD, Intel UHD Graphics, HD Camera, HD Audio, Wi-Fi, Bluetooth, Windows 11, Black","22,990",https://www.amazon.in/Lenovo-V15-G2-Anti-Glare-Bluetooth/dp/B0CVTL9QRF/ref=sr_1_297?dib=eyJ2IjoiMSJ9.xsKdN7KFqRWh91hgIhV6LaEVVOamx6QsBJEKiFbN9PcwMWFgbRqrpo1iSsc2xNhl6EUnOxMQkEhQwJdyiXAVM-vsNUIECLEdPd62EJUogNL7JwZ_c-ux19QXJYdubwWkLdmVy6f9P8xIAAMEjug6ZW_qR5F34o23co5wVl7Q7jGPFNXUs1YhcHt-GZNX0qBueXzQo-8lZbrrVYW0x5_ohJDZ49HBqpeGQTcOU6mTOmt3ZqpYfk3VVIaj0L49a-aIAZQEwkL6zCke118hNhQkaxHwm88RxhhBIu9BMH0-QohXYQcTUNjSlC0XUsnXfrgFMHXW8XA6RB8B0-dPAEwoT7ssHRVE9WjJsuHBIR9KCiA.p376SLcow3rcNOcwS7nCE259sj_d7dX-5NRLiBZJMvk&dib_tag=se&qid=1737566088&s=computers&sr=1-297&xpid=4diLpKEnc_Nj3,2025-01-22 22:58:42,Lenovo,Lenovo,Lenovo V15,Black,laptop,,,15.6 Inches,1920 x 1080 pixel,1920 x 1080 Pixels,,,Lenovo V15 G2,Intel,Celeron N,1.1 GHz,2,16 GB,DDR4,DDR4 SDRAM,8 GB,256 GB,SSD,Headphones,,Intel,Integrated,Shared,,,Wi-Fi,,,,,Windows 11 Home,,,,,,,1 kg 700 g,B0CVTL9QRF,"3.2
35 ratings
3.2 out of 5 stars","#16,277 in Computers & Accessories (See Top 100 in Computers & Accessories)
#466 in Traditional Laptops",21 July 2024,,,,,,Intel UHD Graphics,53.2 x 33 x 7.3 cm; 1.7 kg,Solid State,,,,,PC,802.11ac,,,,,,,,,,,,,,,,,,,,,,,,,,,,,,,,,,
"(Refurbished) Dell Latitude E7470 6th Gen Intel Core i5 Thin & Light HD Laptop (16 GB DDR4 RAM|512 GB SSD|14"" (35.6 cm) HD|Windows 11|MS Office|WiFi|BT|Intel HD Graphics)","19,999",https://www.amazon.in/Refurbished-Dell-Latitude-Windows-Graphics/dp/B0DPH9C47C/ref=sr_1_298?dib=eyJ2IjoiMSJ9.xsKdN7KFqRWh91hgIhV6LaEVVOamx6QsBJEKiFbN9PcwMWFgbRqrpo1iSsc2xNhl6EUnOxMQkEhQwJdyiXAVM-vsNUIECLEdPd62EJUogNL7JwZ_c-ux19QXJYdubwWkLdmVy6f9P8xIAAMEjug6ZW_qR5F34o23co5wVl7Q7jGPFNXUs1YhcHt-GZNX0qBueXzQo-8lZbrrVYW0x5_ohJDZ49HBqpeGQTcOU6mTOmt3ZqpYfk3VVIaj0L49a-aIAZQEwkL6zCke118hNhQkaxHwm88RxhhBIu9BMH0-QohXYQcTUNjSlC0XUsnXfrgFMHXW8XA6RB8B0-dPAEwoT7ssHRVE9WjJsuHBIR9KCiA.p376SLcow3rcNOcwS7nCE259sj_d7dX-5NRLiBZJMvk&dib_tag=se&qid=1737566088&s=computers&sr=1-298&xpid=4diLpKEnc_Nj3,2025-01-22 22:58:42,Dell,Dell,Dell Latitude,,,,,14 Inches,,1366 x 768 Pixels,,1 12V batteries required. (included),,Intel,Intel Core i5,2.4 GHz,1,,DDR4,,16 GB,,SSD,,,Intel,Integrated,Shared,,,,,,,,Windows,,Yes,55 Watt Hours,3,"Laptop, Power Cord, Battery",,1 kg 700 g,B0DPH9C47C,"4.0
1 rating
4.0 out of 5 stars","#12,057 in Computers & Accessories (See Top 100 in Computers & Accessories)
#37 in Renewed Store.
#375 in Traditional Laptops",3 December 2024,,,,1.00 count,,,45 x 35 x 15 cm; 1.7 kg,,,,,,,,,,,,,,,,,,,,,,,,,,,,,,,,,,,,,,,,,
"(Refurbished) Lenovo ThinkPad L440 4th Gen Intel Core i7 Thin & Light HD Laptop (8 GB RAM/256 GB SSD/14"" (35.6 cm) HD/Windows 10 Pro/MS Office/WiFi/BT/Webcam/Intel Graphics)","14,999",https://www.amazon.in/Refurbished-Lenovo-ThinkPad-Windows-Graphics/dp/B0DC46B9B9/ref=sr_1_299?dib=eyJ2IjoiMSJ9.xsKdN7KFqRWh91hgIhV6LaEVVOamx6QsBJEKiFbN9PcwMWFgbRqrpo1iSsc2xNhl6EUnOxMQkEhQwJdyiXAVM-vsNUIECLEdPd62EJUogNL7JwZ_c-ux19QXJYdubwWkLdmVy6f9P8xIAAMEjug6ZW_qR5F34o23co5wVl7Q7jGPFNXUs1YhcHt-GZNX0qBueXzQo-8lZbrrVYW0x5_ohJDZ49HBqpeGQTcOU6mTOmt3ZqpYfk3VVIaj0L49a-aIAZQEwkL6zCke118hNhQkaxHwm88RxhhBIu9BMH0-QohXYQcTUNjSlC0XUsnXfrgFMHXW8XA6RB8B0-dPAEwoT7ssHRVE9WjJsuHBIR9KCiA.p376SLcow3rcNOcwS7nCE259sj_d7dX-5NRLiBZJMvk&dib_tag=se&qid=1737566088&s=computers&sr=1-299&xpid=4diLpKEnc_Nj3,2025-01-22 22:58:42,Lenovo,Lenovo,Lenovo ThinkPad L440,,Laptop,,,14 Inches,,1366 x 768 Pixels,,1 Lithium Ion batteries required. (included),,Intel,Intel Core i7,2.9 GHz,1,,DDR3,,16 GB,,SSD,Headphones,,Intel,Integrated,Shared,,,"Bluetooth, Wi-Fi",,,,,Windows,,Yes,54 Watt Hours,3,"Laptop, Power Cord, Battery",,2 kg 400 g,B0DC46B9B9,"3.7
8 ratings
3.7 out of 5 stars","#18,720 in Computers & Accessories (See Top 100 in Computers & Accessories)
#544 in Traditional Laptops",3 August 2024,,,,1.00 count,,Intel HD Graphics 4600,45 x 35 x 15 cm; 2.4 kg,,,,,,,,,,,,,,,,,,,,,,,,,,,,,,,,,,,,,,,,,
"Acer Aspire 3 Intel Core i3-1305U Processor Laptop with 35.56 cm (14"") Full HD LED-Backlit IPS Display (8 GB RAM/512 GB SSD/WiFi 6/Intel Graphics/Win11 Home/65W) A324-53, Steel Gray, 1.45KG","33,990",https://www.amazon.in/Acer-i3-1305U-Processor-LED-Backlit-A324-53/dp/B0DMFBQ9MY/ref=sr_1_301?dib=eyJ2IjoiMSJ9.xsKdN7KFqRWh91hgIhV6LaEVVOamx6QsBJEKiFbN9PcwMWFgbRqrpo1iSsc2xNhl6EUnOxMQkEhQwJdyiXAVM-vsNUIECLEdPd62EJUogNL7JwZ_c-ux19QXJYdubwWkLdmVy6f9P8xIAAMEjug6ZW_qR5F34o23co5wVl7Q7jGPFNXUs1YhcHt-GZNX0qBueXzQo-8lZbrrVYW0x5_ohJDZ49HBqpeGQTcOU6mTOmt3ZqpYfk3VVIaj0L49a-aIAZQEwkL6zCke118hNhQkaxHwm88RxhhBIu9BMH0-QohXYQcTUNjSlC0XUsnXfrgFMHXW8XA6RB8B0-dPAEwoT7ssHRVE9WjJsuHBIR9KCiA.p376SLcow3rcNOcwS7nCE259sj_d7dX-5NRLiBZJMvk&dib_tag=se&qid=1737566088&s=computers&sr=1-301&xpid=4diLpKEnc_Nj3,2025-01-22 22:58:42,Acer,Acer,Aspire 3,Gray,Laptop,,,14 Inches,1920 x 1080 pixel,1920 x 1080 Pixels,,1 Lithium Ion batteries required. (included),A324-53,Intel,Core i3,3.3 GHz,1,,DDR4,DDR4 SDRAM,32 GB,,SSD,Speakers,,Intel,Integrated,DDR4 SDRAM,,Integrated,"Bluetooth, Wi-Fi",,240 Volts,,,Windows 11 Home,,Yes,45.6 Watt Hours,2,"1U (contains Laptop 1N, Power cord 1N, Adapter 1N, User Manual 1N)",,1 kg 450 g,B0DMFBQ9MY,,"#55,117 in Computers & Accessories (See Top 100 in Computers & Accessories)
#1,646 in Traditional Laptops",6 November 2024,Tech Front Chongqing Computer Co Ltd 18 ZONGBAO ROAD SHAPINGBA DISTRICT Chongqing China 401332,"ACER INDIA PRIVATE LIMITED Embassy Heights, 6th Floor, No. 13 Magrath Road, Next to HOSMAT Hospital, Bangalore, INDIA – 560025",,1 Count,laptop,Intel UHD Graphics,45.1 x 32.4 x 9.8 cm; 1.45 kg,Solid State,,,,,,,2 MP,,0.5 Grams,,,,,,,,,,,,,,,,,,,,,,,,,,,,,,,
"ASUS Chromebook CM14, Octa-Core MediaTek Kompanio 520, 14"" (32.46 Cms) FHD, Thin and Light Chromebook (8GB RAM/128GB eMMC Storage/Chrome OS/Gray/1.45 Kg), CM1402CM2A-NK0129","24,990",https://www.amazon.in/ASUS-Chromebook-Octa-Core-MediaTek-CM1402CM2A-EK0085/dp/B0CQLRHSS3/ref=sr_1_302?dib=eyJ2IjoiMSJ9.xsKdN7KFqRWh91hgIhV6LaEVVOamx6QsBJEKiFbN9PcwMWFgbRqrpo1iSsc2xNhl6EUnOxMQkEhQwJdyiXAVM-vsNUIECLEdPd62EJUogNL7JwZ_c-ux19QXJYdubwWkLdmVy6f9P8xIAAMEjug6ZW_qR5F34o23co5wVl7Q7jGPFNXUs1YhcHt-GZNX0qBueXzQo-8lZbrrVYW0x5_ohJDZ49HBqpeGQTcOU6mTOmt3ZqpYfk3VVIaj0L49a-aIAZQEwkL6zCke118hNhQkaxHwm88RxhhBIu9BMH0-QohXYQcTUNjSlC0XUsnXfrgFMHXW8XA6RB8B0-dPAEwoT7ssHRVE9WjJsuHBIR9KCiA.p376SLcow3rcNOcwS7nCE259sj_d7dX-5NRLiBZJMvk&dib_tag=se&qid=1737566088&s=computers&sr=1-302&xpid=4diLpKEnc_Nj3,2025-01-22 22:58:42,ASUS,ASUS,ASUS CHROMEBOOK_WO,Gray,Chromebook,45.5 Centimeters,29.9 Centimeters,35.56 Centimetres,1920 x 1080 pixels,1920 x 1080 Pixels,7.3 x 29.9 x 45.5 cm; 1.45 kg,1 Lithium Polymer batteries required. (included),CM1402CM2A-NK0129_WO,MediaTek,MediaTek Kompanio 520,2 GHz,8,,LPDDR4X,DDR4 SDRAM,8 GB,,"Emmc, SSD",Speakers,Built-in speaker,AMD,Integrated,Shared,,Integrated,"Bluetooth, Wi-Fi",3,15 Volts (DC),,No Optical Storage,Chrome OS,15 Hours,Yes,42 Watt Hours,2,"Laptop, Manual, TYPE-C 45W AC Adapter",China,1 kg 450 g,B0CQLRHSS3,"3.3
10 ratings
3.3 out of 5 stars","#14,416 in Computers & Accessories (See Top 100 in Computers & Accessories)
#430 in Traditional Laptops",18 December 2023,"DIGITEK (CHONGQING) Limited, B01 SEC C Airport Function Zone Lianglu Cuntan Free Trade Port Area, Yubei District, China","ASUS INDIA PRIVATE LIMITED, 402, Supreme Chambers, 17/18, Shah Industrial Estate, Veera Desai Road, Andheri (West), Mumbai 400053, India",7.3 x 29.9 x 45.5 Centimeters,1 Count,Chromebook,ARM Mali-G52 MC2,,,,,,,,"Bluetooth, 802.11ax",,,,,,,,,,,,,,,,,,,,,,,,,,,,,,,,,,
"HP 15 AI Laptop, Intel Core Ultra 5 125H, 12 Tops, 16GB DDR5, 512GB SSD (Win11, Office 21, Silver, 1.65kg) IPS, 15.6-inch(39.6cm), 300 nits, FHD, Intel Arc Graphics, Backlit KB, FHD Camera, fd1099TU","74,000",https://www.amazon.in/HP-Windows-Office21-Keyboard-fd1099TU/dp/B0D262YX9D/ref=sr_1_313?dib=eyJ2IjoiMSJ9.T2RbwcRjoGaotmu4uUabXEu5fGRFiLBWby6NvPpAJGQFawuDCd2LueK9zjD8sj1kccUFgak_afr9wVmo9vgnGzGDxxJTDUzpFEBhZfUgYZeVvmOfwTKSXz4K8uM-1S-PBIteulZD648I8RI0ceyyPBOvLphtHx2zn1imutQKBaT4xIqXUr_6IqhvxIITzFrzNDAyECm-qQskqKilC-1U-7bY2MsC0jb29v8J5S_gNlVBTexkA6mMhBrP-7j2YhtO4SkFvSAEFs5GrPlPah29Da1y6FQr68fRqCtxyFqKuTtvfMlumAPc-t_Wt6gv0lKmRnfvmjt9LB6OWsx6SaR2lIZx8SOt0idkwkSdvYM_WYI.EOhSF_smQamck1AG4g6H9WezwMCDyyLz9VdTT8DRs8M&dib_tag=se&qid=1737566573&s=computers&sr=1-313&xpid=4diLpKEnc_Nj3,2025-01-22 22:58:42,HP,HP,HP Laptop,Core Ultra 5 + 16GB,Laptop,52.2 Centimeters,31.6 Centimeters,39.6 Centimetres,1920 x 1080 pixel,,6.9 x 31.6 x 52.2 cm; 2.48 kg,1 Lithium Polymer batteries required. (included),15-fd1099TU,Intel,Intel Core i5,4.5 GHz,1,16 GB,DDR5,,16 GB,512 GB,SSD,Headphones,,Intel,Integrated,DDR5 SDRAM,,Integrated,"Bluetooth, Wi-Fi",,41 Volts,,,Windows 11 Home,6 Hours,Yes,41 Watt Hours,3,"Laptop, Power Adapter, User Manual",,2 kg 480 g,B0D262YX9D,"3.1
11 ratings
3.1 out of 5 stars","#16,020 in Computers & Accessories (See Top 100 in Computers & Accessories)
#461 in Traditional Laptops",19 April 2024,"SG66 – QUANTA CQ,Tech-Front (CHongqing) computer CO.,LTD,18#, comprehensive bonded zone avenue, Shapingba District 401332 Chongqing China","HP India Sales pvt limited, 24 kothari Arena, Hosur main road, Adugodi , Bangalore -560030.",6.9 x 31.6 x 52.2 Centimeters,1 Count,Laptop,,,USB,,1,,,,,,,,,,,,,,,,,,,,,,,,,,,,,,,,,,,,,,
"HP 15 Pavilion AMD Ryzen 5 7530U, 15.6-inch FHD, 8GB DDR4, 512GB SSD, AMD Radeon Graphics, 720p HD Camera, Backlit KB, Audio by B&O (Win 11 Home, MSO 2021, Silver, 1.75 kg), eh3036AU / EH2050AU","44,490",https://www.amazon.in/HP-Pavilion-Graphics-Backlit-15-eh2050au/dp/B0CFLMMWY2/ref=sr_1_315?dib=eyJ2IjoiMSJ9.T2RbwcRjoGaotmu4uUabXEu5fGRFiLBWby6NvPpAJGQFawuDCd2LueK9zjD8sj1kccUFgak_afr9wVmo9vgnGzGDxxJTDUzpFEBhZfUgYZeVvmOfwTKSXz4K8uM-1S-PBIteulZD648I8RI0ceyyPBOvLphtHx2zn1imutQKBaT4xIqXUr_6IqhvxIITzFrzNDAyECm-qQskqKilC-1U-7bY2MsC0jb29v8J5S_gNlVBTexkA6mMhBrP-7j2YhtO4SkFvSAEFs5GrPlPah29Da1y6FQr68fRqCtxyFqKuTtvfMlumAPc-t_Wt6gv0lKmRnfvmjt9LB6OWsx6SaR2lIZx8SOt0idkwkSdvYM_WYI.EOhSF_smQamck1AG4g6H9WezwMCDyyLz9VdTT8DRs8M&dib_tag=se&qid=1737566573&s=computers&sr=1-315&xpid=4diLpKEnc_Nj3,2025-01-22 22:58:42,HP,HP,HP Pavilion Laptop,Silver,Netbook,51.9 Centimeters,6.9 Centimeters,39.6 Centimetres,1920 x 1080 pixels,1920 x 1080 Pixels,51.9 x 6.9 x 51.9 cm; 1.7 kg,1 Lithium Ion batteries required. (included),15-eh2050au/eh3036au,AMD,Ryzen 5,4.3 GHz,1,8 GB,DDR4,DDR4 SDRAM,16 GB,512 GB,SSD,"Headphones, Speakers",Audio by Bang & Olufsen; Dual speakers,AMD,Integrated,VRAM,,PCI Express,Wi-Fi,2,,65 Watts,No optical drive,Windows 11 Home,4 Hours,Yes,41 Watt Hours,3,"Laptop, Power Adapter, User Manual",,1 kg 700 g,B0CFLMMWY2,"4.2
269 ratings
4.2 out of 5 stars","#16,523 in Computers & Accessories (See Top 100 in Computers & Accessories)
#478 in Traditional Laptops",14 August 2023,"SG66 – QUANTA CQ Tech-Front (CHongqing) computer CO.,LTD 18#, comprehensive bonded zone avenue, Shapingba District 401332 Chongqing China","HP India Sales pvt limited, 24 kothari Arena, Hosur main road, Adugodi , Bangalore -560030.",51.9 x 6.9 x 51.9 Centimeters,1 Count,Laptop,AMD Radeon Graphics,,NVMe,,2,,3200 GHz,PC,802.11a/b/g/n,,,,,,,,,,,,,,,,,,,,,,,,,,,,,,,,7200 RPM,,
"Lenovo IdeaPad Flex Intel Core i3-1215U 14""(35.5cm) WUXGA+ IPS 2-in-1 Laptop (8GB/512GB SSD/Windows 11/MS Office 2021/FHD Camera Digital Pen/Alexa/3 Month Game Pass/Grey/1.5Kg), 82R700KHIN","55,990",https://www.amazon.in/Lenovo-IdeaPad-i3-1215U-Windows-82R700KHIN/dp/B0DM58NN7N/ref=sr_1_316?dib=eyJ2IjoiMSJ9.T2RbwcRjoGaotmu4uUabXEu5fGRFiLBWby6NvPpAJGQFawuDCd2LueK9zjD8sj1kccUFgak_afr9wVmo9vgnGzGDxxJTDUzpFEBhZfUgYZeVvmOfwTKSXz4K8uM-1S-PBIteulZD648I8RI0ceyyPBOvLphtHx2zn1imutQKBaT4xIqXUr_6IqhvxIITzFrzNDAyECm-qQskqKilC-1U-7bY2MsC0jb29v8J5S_gNlVBTexkA6mMhBrP-7j2YhtO4SkFvSAEFs5GrPlPah29Da1y6FQr68fRqCtxyFqKuTtvfMlumAPc-t_Wt6gv0lKmRnfvmjt9LB6OWsx6SaR2lIZx8SOt0idkwkSdvYM_WYI.EOhSF_smQamck1AG4g6H9WezwMCDyyLz9VdTT8DRs8M&dib_tag=se&qid=1737566573&s=computers&sr=1-316&xpid=4diLpKEnc_Nj3,2025-01-22 22:58:42,Lenovo,Lenovo,IdeaPad,i3-12th Gen | 8GB | 512GB,Convertible,,,14,1920 x 1200 pixels,,,1 12V batteries required. (included),14IAU7,Intel,Intel Core i3,4.4,6,,DDR4,DDR4 SDRAM,8 GB,,SSD,"Headphones, Speakers","Stereo speakers, 2W x2, optimized with Dolby Audio",Intel,Integrated,Shared,,Integrated,"Bluetooth, Wi-Fi",3,,,No Optical Drive,Windows 11 Home,,Yes,52.5 Watt Hours,3,Laptop,,1 kg 550 g,B0DM58NN7N,"4.1
47 ratings
4.1 out of 5 stars","#24,269 in Computers & Accessories (See Top 100 in Computers & Accessories)
#18 in 2 in 1 Laptops",6 November 2024,"One of the below: Hefei Bitland Information Technology Co.,Ltd - No.4088 Jiuxiu Road National Hefei economic & technology development area Hefei Anhui China LCFC（Hefei) Electronics Technology Co., Ltd. - NO.1-3188,YUNGU ROAD, HEFEI EXPORT PROCESSING ZONE. ANHUI PROVINCE,CHINA Tech-Com(Shanghai) Computer Co Ltd - No.6 Ln.58,San-Zhuang Rd., Songjiang EPZ ShangHai, China Wistron InfoComm (Kunshan) Co.Ltd - 168# First Avenue, Kunshan Export Processing Zone, Kunshan, Jiangsu, China Compal information technology (kunshan) CO., LTD. - Address: No. 58, the 1st street, Kunshan Export Processing Zone, Jiangsu, P.R.O.C. CHINA Kunshan Hichain storage Co. Ltd - No. 88 Xinxiang Road Avenue Kunshan CBZ Wujiang Hichain warehousing LTD - No.2088 Pangjin road, Wujiang economic development area, Jiangsu, China","Lenovo (India) Private Limited, RBD Icon, Level 2, Doddenakundi Village, Marathahalli Outer Ring Road, K. R. Puram Hobli, Bangalore 560037, Karnataka, India",,1 Piece,Laptop,Intel UHD Graphics,47.9 x 29.7 x 6.9 cm; 1.55 kg,,,,,,,Bluetooth,,,,,,,,,,,,,,,,,,,,,,,,,,,,,,,,,,
"Samsung Galaxy Book4 (Gray, 16GB RAM, 512GB SSD) | 15.6"" Full HD Screen | Intel Core i7 1355U Processor | Windows 11 Home | MS Office 2021 | Fingerprint Reader | Intel Iris XE Graphics | RJ45 LAN Port","67,990",https://www.amazon.in/Samsung-Processor-Windows-Fingerprint-Graphics/dp/B0D13Z7LBF/ref=sr_1_317?dib=eyJ2IjoiMSJ9.T2RbwcRjoGaotmu4uUabXEu5fGRFiLBWby6NvPpAJGQFawuDCd2LueK9zjD8sj1kccUFgak_afr9wVmo9vgnGzGDxxJTDUzpFEBhZfUgYZeVvmOfwTKSXz4K8uM-1S-PBIteulZD648I8RI0ceyyPBOvLphtHx2zn1imutQKBaT4xIqXUr_6IqhvxIITzFrzNDAyECm-qQskqKilC-1U-7bY2MsC0jb29v8J5S_gNlVBTexkA6mMhBrP-7j2YhtO4SkFvSAEFs5GrPlPah29Da1y6FQr68fRqCtxyFqKuTtvfMlumAPc-t_Wt6gv0lKmRnfvmjt9LB6OWsx6SaR2lIZx8SOt0idkwkSdvYM_WYI.EOhSF_smQamck1AG4g6H9WezwMCDyyLz9VdTT8DRs8M&dib_tag=se&qid=1737566573&s=computers&sr=1-317&xpid=4diLpKEnc_Nj3,2025-01-22 22:58:42,Samsung,Samsung,Samsung Galaxy Book4,Gray,,50 Centimeters,29.7 Centimeters,15.6 Inches,1920 x 1080 pixels,1920 x 1080 Pixels,6.7 x 29.7 x 50 cm; 1.55 kg,1 Lithium Ion batteries required. (included),NP750XGJ-KG3IN,Intel,Intel Core i7,1.7 GHz,1,16 GB,LPDDR4X,DDR4 SDRAM,16 GB,512 GB,SSD,"Headphones, Speakers",Dolby Atmos,Intel,Integrated,Shared,,Integrated,"Bluetooth, Wi-Fi",2,15.4 Volts,45 Watts,,Windows 11 Home,,Yes,54 Watt Hours,4,"Notebook,45W Charger,Data Cable(USB-C to C, 1.8m),Quick Start Guide,,",China,1 kg 550 g,B0D13Z7LBF,"4.6
3 ratings
4.6 out of 5 stars","#7,282 in Computers & Accessories (See Top 100 in Computers & Accessories)
#244 in Traditional Laptops",8 April 2024,"Samsung India Electronics Pvt. Ltd. having its Registered Office at: 6th Floor, DLF Centre, Sansad Marg, New Delhi-110001","Samsung India Electronics Pvt. Ltd. having its Registered Office at: 6th Floor, DLF Centre, Sansad Marg, New Delhi-110001",6.7 x 29.7 x 50 Centimeters,1 Count,Laptops,Intel Iris Xe Graphics,,Solid State,,1,,5 GHz,,"Bluetooth, 802.11ax",1 MP,,220 Grams,,,,,,,,,,,,,,,,,,,,,,,,,,,,,,,
"(Refurbished) Lenovo ThinkPad 4th Gen Intel Core i5 Thin & Light HD Laptop (8 GB RAM/256 GB SSD/12.5"" (31.7 cm)/Windows 10/MS Office/WiFi/Bluetooth 4.0/Webcam/Integrated Graphics)","12,450",https://www.amazon.in/Lenovo-ThinkPad-Bluetooth-Integrated-Graphics/dp/B0BGHV61RX/ref=sr_1_318?dib=eyJ2IjoiMSJ9.T2RbwcRjoGaotmu4uUabXEu5fGRFiLBWby6NvPpAJGQFawuDCd2LueK9zjD8sj1kccUFgak_afr9wVmo9vgnGzGDxxJTDUzpFEBhZfUgYZeVvmOfwTKSXz4K8uM-1S-PBIteulZD648I8RI0ceyyPBOvLphtHx2zn1imutQKBaT4xIqXUr_6IqhvxIITzFrzNDAyECm-qQskqKilC-1U-7bY2MsC0jb29v8J5S_gNlVBTexkA6mMhBrP-7j2YhtO4SkFvSAEFs5GrPlPah29Da1y6FQr68fRqCtxyFqKuTtvfMlumAPc-t_Wt6gv0lKmRnfvmjt9LB6OWsx6SaR2lIZx8SOt0idkwkSdvYM_WYI.EOhSF_smQamck1AG4g6H9WezwMCDyyLz9VdTT8DRs8M&dib_tag=se&qid=1737566573&s=computers&sr=1-318&xpid=4diLpKEnc_Nj3,2025-01-22 22:58:42,Lenovo,Lenovo,Lenovo ThinkPad-cr,black,Laptop,,,12.5 Inches,1366 x 768,,,1 Lithium Ion batteries required. (included),Lenovo-X240-i5-8-256-cr,Intel,Core i5 Family,1.9 GHz,1,8 GB,DDR3,,8 GB,256 GB,SSD,Headphones,,Intel,Integrated,DDR3 SDRAM,,Integrated,"Bluetooth, Wi-Fi",2,,,No Optical Device,Windows 10,6 Hours,Yes,54 Watt Hours,3,"Laptop, Charger",India,2 kg 60 g,B0BGHV61RX,"2.9
27 ratings
2.9 out of 5 stars","#14,378 in Computers & Accessories (See Top 100 in Computers & Accessories)
#86 in Valentine's Day (Amazon Renewed)
#429 in Traditional Laptops",26 September 2022,,,,1.00 count,lenovo thinkpad,HD Graphics 4400,48.9 x 44 x 6.7 cm; 2.06 kg,,,,,,Windows,,,ac,50 Grams,,,,,,,,,,,,,,,,,,,,,,,,,,,,,5400 RPM,,
"(Refurbished) HP EliteBook 840 G3 6th Gen Intel Core i5 Thin & Light HD Laptop (8 GB DDR4 RAM|256 GB SSD|14"" (35.6 cm) HD|Windows 11|MS Office|WiFi|Webcam|Intel Graphics)","15,999",https://www.amazon.in/Refurbished-HP-EliteBook-Windows-Graphics/dp/B0DQ5KQ8ZS/ref=sr_1_319?dib=eyJ2IjoiMSJ9.T2RbwcRjoGaotmu4uUabXEu5fGRFiLBWby6NvPpAJGQFawuDCd2LueK9zjD8sj1kccUFgak_afr9wVmo9vgnGzGDxxJTDUzpFEBhZfUgYZeVvmOfwTKSXz4K8uM-1S-PBIteulZD648I8RI0ceyyPBOvLphtHx2zn1imutQKBaT4xIqXUr_6IqhvxIITzFrzNDAyECm-qQskqKilC-1U-7bY2MsC0jb29v8J5S_gNlVBTexkA6mMhBrP-7j2YhtO4SkFvSAEFs5GrPlPah29Da1y6FQr68fRqCtxyFqKuTtvfMlumAPc-t_Wt6gv0lKmRnfvmjt9LB6OWsx6SaR2lIZx8SOt0idkwkSdvYM_WYI.EOhSF_smQamck1AG4g6H9WezwMCDyyLz9VdTT8DRs8M&dib_tag=se&qid=1737566573&s=computers&sr=1-319&xpid=4diLpKEnc_Nj3,2025-01-22 22:58:42,HP,HP,HP EliteBook 840 G3,,,,,14 Inches,,1366 x 768 Pixels,,1 12V batteries required. (included),,Intel,Intel Core i5,2.4 GHz,1,,DDR4,,16 GB,256 GB,SSD,,,Intel,Integrated,Shared,,,,,,,,Windows,,Yes,55 Watt Hours,3,"Laptop, Power Cord, Battery",,1 kg 700 g,B0DQ5KQ8ZS,"2.5
3 ratings
2.5 out of 5 stars","#17,529 in Computers & Accessories (See Top 100 in Computers & Accessories)
#30 in Refurbished Deals
#504 in Traditional Laptops",11 December 2024,,,,1.00 count,,,45 x 35 x 15 cm; 1.7 kg,,,,,,,,,,,,,,,,,,,,,,,,,,,,,,,,,,,,,,,,,
"ASUS Vivobook 15 Intel Core i5 12th Gen 1235U - (16 GB/512 GB SSD/Windows 11 Home) X1504ZA-NJ549WS Thin and Light Laptop (15.6 Inch, Quiet Blue, 1.70 kg, with MS Office)","44,700",https://www.amazon.in/ASUS-Vivobook-Intel-Core-1235U/dp/B0DGQT3843/ref=sr_1_320?dib=eyJ2IjoiMSJ9.T2RbwcRjoGaotmu4uUabXEu5fGRFiLBWby6NvPpAJGQFawuDCd2LueK9zjD8sj1kccUFgak_afr9wVmo9vgnGzGDxxJTDUzpFEBhZfUgYZeVvmOfwTKSXz4K8uM-1S-PBIteulZD648I8RI0ceyyPBOvLphtHx2zn1imutQKBaT4xIqXUr_6IqhvxIITzFrzNDAyECm-qQskqKilC-1U-7bY2MsC0jb29v8J5S_gNlVBTexkA6mMhBrP-7j2YhtO4SkFvSAEFs5GrPlPah29Da1y6FQr68fRqCtxyFqKuTtvfMlumAPc-t_Wt6gv0lKmRnfvmjt9LB6OWsx6SaR2lIZx8SOt0idkwkSdvYM_WYI.EOhSF_smQamck1AG4g6H9WezwMCDyyLz9VdTT8DRs8M&dib_tag=se&qid=1737566573&s=computers&sr=1-320&xpid=4diLpKEnc_Nj3,2025-01-22 22:58:42,ASUS,ASUS,X1504ZA-NJ549WS,Quiet Blue,Notebook,,,15.6 Inches,1366 x 768 pixel,1920 x 1080 Pixels,,1 P76 batteries required. (included),X1504ZA-NJ549WS,Intel,Core i5-1235U,4.4 GHz,10,16,DDR4,DDR4 SDRAM,24 GB,512 GB,SSD,Speakers,Built-in speaker,Intel,Integrated,Shared,,Integrated,"Bluetooth, Wi-Fi",3,,,,Windows 11 Home,,Yes,42 Watt Hours,3,"LAPTOP, POWER ADAPTER, USER GUIDE",China,1 kg 500 g,B0DGQT3843,"3.1
5 ratings
3.1 out of 5 stars","#20,376 in Computers & Accessories (See Top 100 in Computers & Accessories)
#591 in Traditional Laptops",11 September 2024,ASUS INDIA,ASUS INDIA,,1 Count,LAPTOP,Intel Integrated,48.2 x 28.9 x 6.4 cm; 1.5 kg,Solid State,1,1,,4.4 GHz,,"Bluetooth, 802.11ax",,,,,,,,,,,,,,,,,,,,,,,,,,,,,,,,7200 RPM,,
"ASUS Vivobook 15, Intel Core i5-12500H 12Th Gen, 15.6"" (39.62 Cm) FHD, 60Hz, Thin and Light Laptop (16GB RAM/512GB/Windows 11/Office 2021/Silver/1.7 Kg), X1502Za-EJ542WS","49,990",https://www.amazon.in/ASUS-Vivobook-i5-12500H-Laptop-X1502ZA-EJ542WS/dp/B0C5Y3JBC4/ref=sr_1_321?dib=eyJ2IjoiMSJ9.T2RbwcRjoGaotmu4uUabXEu5fGRFiLBWby6NvPpAJGQFawuDCd2LueK9zjD8sj1kccUFgak_afr9wVmo9vgnGzGDxxJTDUzpFEBhZfUgYZeVvmOfwTKSXz4K8uM-1S-PBIteulZD648I8RI0ceyyPBOvLphtHx2zn1imutQKBaT4xIqXUr_6IqhvxIITzFrzNDAyECm-qQskqKilC-1U-7bY2MsC0jb29v8J5S_gNlVBTexkA6mMhBrP-7j2YhtO4SkFvSAEFs5GrPlPah29Da1y6FQr68fRqCtxyFqKuTtvfMlumAPc-t_Wt6gv0lKmRnfvmjt9LB6OWsx6SaR2lIZx8SOt0idkwkSdvYM_WYI.EOhSF_smQamck1AG4g6H9WezwMCDyyLz9VdTT8DRs8M&dib_tag=se&qid=1737566573&s=computers&sr=1-321&xpid=4diLpKEnc_Nj3,2025-01-22 22:58:42,ASUS,ASUS,ASUS Vivobook,Silver 16GB FHD,Ultra-Portable,49.3 Centimeters,6.5 Centimeters,15.6 Inches,1920 x 1080 pixel,1920 x 1080 Pixels,49.3 x 6.5 x 49.3 cm; 1.7 kg,1 Lithium Ion batteries required. (included),X1502ZA-EJ542WS,Intel,Core i5,4.5 GHz,8,16 GB,DDR4,SODIMM,24 GB,512 GB,SSD,"Headphones, Speakers",,Intel,Integrated,Shared,16 GB,Integrated,"Bluetooth, Wi-Fi",3,19 Volts (AC),65 Watts,No Optical Storage,Windows 11 Home,6 Hours,Yes,42 Watt Hours,3,"Laptop, Power Adaptor & User Manual",China,1 kg 700 g,B0C5Y3JBC4,"3.9
164 ratings
3.9 out of 5 stars","#14,191 in Computers & Accessories (See Top 100 in Computers & Accessories)
#426 in Traditional Laptops",22 May 2023,"DIGITEK (CHONGQING) Limited, B01 SEC C Airport Function Zone Lianglu Cuntan Free Trade Port Area, Yubei District, China","ASUS INDIA PRIVATE LIMITED, 402, Supreme chambers, 17/18, Shah Industrial Estate, Veera Desai Road, Andheri (West), Mumbai 400053, India",49.3 x 6.5 x 49.3 Centimeters,1 Count,Laptop,Intel Iris Xe Graphics,,,1,,,3200 MHz,PC,"Bluetooth, 802.11ax",,Battery Powered,10 Grams,,,,,,,,,,,,,,,,,,,,,,,,,,,,,,,
"(Refurbished) Dell Latitude Laptop 7480 Intel Core i5 - 7300u Processor 7th Gen, 16 GB Ram & 512 GB SSD, 14.1 Inches (Ultra Slim & Feather Light 1.48KG) Notebook Computer","22,799",https://www.amazon.in/Refurbished-Dell-Latitude-Laptop-Intel/dp/B0CDQ6MH3R/ref=sr_1_322?dib=eyJ2IjoiMSJ9.T2RbwcRjoGaotmu4uUabXEu5fGRFiLBWby6NvPpAJGQFawuDCd2LueK9zjD8sj1kccUFgak_afr9wVmo9vgnGzGDxxJTDUzpFEBhZfUgYZeVvmOfwTKSXz4K8uM-1S-PBIteulZD648I8RI0ceyyPBOvLphtHx2zn1imutQKBaT4xIqXUr_6IqhvxIITzFrzNDAyECm-qQskqKilC-1U-7bY2MsC0jb29v8J5S_gNlVBTexkA6mMhBrP-7j2YhtO4SkFvSAEFs5GrPlPah29Da1y6FQr68fRqCtxyFqKuTtvfMlumAPc-t_Wt6gv0lKmRnfvmjt9LB6OWsx6SaR2lIZx8SOt0idkwkSdvYM_WYI.EOhSF_smQamck1AG4g6H9WezwMCDyyLz9VdTT8DRs8M&dib_tag=se&qid=1737566573&s=computers&sr=1-322&xpid=4diLpKEnc_Nj3,2025-01-22 22:58:42,Dell,Dell,7480,,Laptop,2 Centimeters,23.5 Centimeters,14.1 Inches,1920 x 1080 pixels,HD (1366 X 768) Pixels,34 x 23.5 x 2 cm; 1.48 kg,,7480-i5-7-16-512,Intel,Core i5 7200U,2.7 GHz,1,16 GB,DDR4,,16 GB,,SSD,,,Intel,Integrated,DDR SDRAM,,Integrated,Wi-Fi,3,,,No Optical Drive,Windows 10 Pro,,No,,,Laptop&Charger,,1 kg 480 g,B0CDQ6MH3R,"3.9
5 ratings
3.9 out of 5 stars","#11,693 in Computers & Accessories (See Top 100 in Computers & Accessories)
#9 in Sankranti / Pongal Store
#11 in Christmas with Amazon Renewed
#32 in Renewed Store.",4 August 2023,,,34 x 23.5 x 2 Centimeters,1.00 count,,,,,2,,,,Windows,,,Battery Powered,,,,,,,,,,,,,,,,,,,,,,,,,,,,,,5400 RPM,,
"Lenovo V15 G2 15.6"" FHD Anti-Glare Business Laptop, Intel Celeron N4500, 8GB RAM, 256GB PCIe SSD, Intel UHD Graphics, HD Camera, HD Audio, Wi-Fi, Bluetooth, Windows 11, Black","22,990",https://www.amazon.in/Lenovo-V15-G2-Anti-Glare-Bluetooth/dp/B0CVTL9QRF/ref=sr_1_313?dib=eyJ2IjoiMSJ9.T2RbwcRjoGaotmu4uUabXEu5fGRFiLBWby6NvPpAJGQFawuDCd2LueK9zjD8sj1kccUFgak_afr9wVmo9vgnGzGDxxJTDUzpFEBhZfUgYZeVvmOfwTKSXz4K8uM-1S-PBIteulZD648I8RI0ceyyPBOvLphtHx2zn1imutQKBaT4xIqXUr_6IqhvxIITzFrzNDAyECm-qQskqKilC-1U-7bY2MsC0jb29v8J5S_gNlVBTexkA6mMhBrP-7j2YhtO4SkFvSAEFs5GrPlPah29Da1y6FQr68fRqCtxyFqKuTtvfMlumAPc-t_Wt6gv0lKmRnfvmjt9LB6OWsx6SaR2lIZx8SOt0idkwkSdvYM_WYI.EOhSF_smQamck1AG4g6H9WezwMCDyyLz9VdTT8DRs8M&dib_tag=se&qid=1737566573&s=computers&sr=1-313&xpid=4diLpKEnc_Nj3,2025-01-22 22:58:42,Lenovo,Lenovo,Lenovo V15,Black,laptop,,,15.6 Inches,1920 x 1080 pixel,1920 x 1080 Pixels,,,Lenovo V15 G2,Intel,Celeron N,1.1 GHz,2,16 GB,DDR4,DDR4 SDRAM,8 GB,256 GB,SSD,Headphones,,Intel,Integrated,Shared,,,Wi-Fi,,,,,Windows 11 Home,,,,,,,1 kg 700 g,B0CVTL9QRF,"3.2
35 ratings
3.2 out of 5 stars","#16,277 in Computers & Accessories (See Top 100 in Computers & Accessories)
#466 in Traditional Laptops",21 July 2024,,,,,,Intel UHD Graphics,53.2 x 33 x 7.3 cm; 1.7 kg,Solid State,,,,,PC,802.11ac,,,,,,,,,,,,,,,,,,,,,,,,,,,,,,,,,,
"(Refurbished) HP EliteBook 820 G4 7th Gen Intel Core i5 Thin & Light HD Laptop (8 GB DDR4 RAM|512 GB SSD|12.5"" (31.8 cm) HD|Windows 11|MS Office|WiFi|Webcam|Intel HD Graphics)","17,999",https://www.amazon.in/Refurbished-HP-EliteBook-Windows-Graphics/dp/B0DKT4J2NP/ref=sr_1_314?dib=eyJ2IjoiMSJ9.T2RbwcRjoGaotmu4uUabXEu5fGRFiLBWby6NvPpAJGQFawuDCd2LueK9zjD8sj1kccUFgak_afr9wVmo9vgnGzGDxxJTDUzpFEBhZfUgYZeVvmOfwTKSXz4K8uM-1S-PBIteulZD648I8RI0ceyyPBOvLphtHx2zn1imutQKBaT4xIqXUr_6IqhvxIITzFrzNDAyECm-qQskqKilC-1U-7bY2MsC0jb29v8J5S_gNlVBTexkA6mMhBrP-7j2YhtO4SkFvSAEFs5GrPlPah29Da1y6FQr68fRqCtxyFqKuTtvfMlumAPc-t_Wt6gv0lKmRnfvmjt9LB6OWsx6SaR2lIZx8SOt0idkwkSdvYM_WYI.EOhSF_smQamck1AG4g6H9WezwMCDyyLz9VdTT8DRs8M&dib_tag=se&qid=1737566573&s=computers&sr=1-314&xpid=4diLpKEnc_Nj3,2025-01-22 22:58:42,HP,HP,HP EliteBook 820 G4,,Ultra-Portable,,,12.5 Inches,1366 x 768 pixels,1366 x 768 Pixels,,1 Lithium Ion batteries required. (included),,Intel,Intel Core i5,2.6 GHz,1,,DDR4,DDR4 SDRAM,16 GB,512 GB,SSD,internal,,Intel,Integrated,Shared,,,Wi-Fi,,,,,Windows,,Yes,55 Watt Hours,1,"Laptop, Power Cord, Battery",,1 kg 500 g,B0DKT4J2NP,"3.9
24 ratings
3.9 out of 5 stars","#28,041 in Computers & Accessories (See Top 100 in Computers & Accessories)
#98 in Renewed Store.
#785 in Traditional Laptops",24 October 2024,,,,1.00 count,,,45 x 35 x 15 cm; 1.5 kg,Serial ATA,,,,,,,,,,,,,,,,,,,,,,,,,,,,,,,,,,,,,,,,
"Lenovo IdeaPad Flex 5 AMD Ryzen 5 7530U 14"" (35.5cm) WUXGA+ IPS 2-in-1 Laptop (16GB/512GB SSD/Win 11/Office 2021/Backlit KB/FPR/FHD Camera/Alexa/3 Month Game Pass/Arctic Grey/1.55Kg), 82XX007KIN","61,490",https://www.amazon.in/Lenovo-IdeaPad-Backlit-Fingerprint-82XX007KIN/dp/B0C9HLY5S3/ref=sr_1_315?dib=eyJ2IjoiMSJ9.T2RbwcRjoGaotmu4uUabXEu5fGRFiLBWby6NvPpAJGQFawuDCd2LueK9zjD8sj1kccUFgak_afr9wVmo9vgnGzGDxxJTDUzpFEBhZfUgYZeVvmOfwTKSXz4K8uM-1S-PBIteulZD648I8RI0ceyyPBOvLphtHx2zn1imutQKBaT4xIqXUr_6IqhvxIITzFrzNDAyECm-qQskqKilC-1U-7bY2MsC0jb29v8J5S_gNlVBTexkA6mMhBrP-7j2YhtO4SkFvSAEFs5GrPlPah29Da1y6FQr68fRqCtxyFqKuTtvfMlumAPc-t_Wt6gv0lKmRnfvmjt9LB6OWsx6SaR2lIZx8SOt0idkwkSdvYM_WYI.EOhSF_smQamck1AG4g6H9WezwMCDyyLz9VdTT8DRs8M&dib_tag=se&qid=1737566573&s=computers&sr=1-315&xpid=4diLpKEnc_Nj3,2025-01-22 22:58:42,Lenovo,Lenovo,IdeaPad Flex 5 14ABR8,Arctic Grey,Convertible,48 Centimeters,7.1 Centimeters,14 Inches,1920 x 1080 pixel,1920 x 1200 Pixels,48 x 7.1 x 48 cm; 1.55 kg,1 Lithium Polymer batteries required. (included),,AMD,Ryzen 5,2 GHz,6,16 GB,LPDDR4X,DDR4 SDRAM,16 GB,512 GB,SSD,"Headphones, Speakers","Front-facing stereo speakers, 2W x2, optimized with Dolby Audio",AMD,Integrated,Shared,,Integrated,Wi-Fi,3,,,No Optical Drive,Windows 11 Home,10 Hours,Yes,,3,Laptop,,1 kg 550 g,B0C9HLY5S3,"3.9
14 ratings
3.9 out of 5 stars","#18,121 in Computers & Accessories (See Top 100 in Computers & Accessories)
#12 in 2 in 1 Laptops",14 July 2023,"One of the below: Hefei Bitland Information Technology Co.,Ltd - No.4088 Jiuxiu Road National Hefei economic & technology development area Hefei Anhui China LCFC（Hefei) Electronics Technology Co., Ltd. - NO.1-3188,YUNGU ROAD, HEFEI EXPORT PROCESSING ZONE. ANHUI PROVINCE,CHINA Tech-Com(Shanghai) Computer Co Ltd - No.6 Ln.58,San-Zhuang Rd., Songjiang EPZ ShangHai, China Wistron InfoComm (Kunshan) Co.Ltd - 168# First Avenue, Kunshan Export Processing Zone, Kunshan, Jiangsu, China Compal information technology (kunshan) CO., LTD. - Address: No. 58, the 1st street, Kunshan Export Processing Zone, Jiangsu, P.R.O.C. CHINA Kunshan Hichain storage Co. Ltd - No. 88 Xinxiang Road Avenue Kunshan CBZ Wujiang Hichain warehousing LTD - No.2088 Pangjin road, Wujiang economic development area, Jiangsu, China","Lenovo (India) Private Limited, RBD Icon, Level 2, Doddenakundi Village, Marathahalli Outer Ring Road, K. R. Puram Hobli, Bangalore 560037, Karnataka, India",48 x 7.1 x 48 Centimeters,1 Piece,Laptop,AMD Radeon,,PCIE x 4,,,,,,,,Battery Powered,,,,,,,,,,,,,,,,,,,,,,,,,,,,,,,10 Hours,
"ASUS Vivobook 15, Intel Core i5-1235U 12th Gen, 15.6"" (39.62 cm) FHD, Thin and Light Laptop (16GB RAM/512GB SSD/Win11//Backlit Keyboard/Silver/1.7 kg), X1504ZA-NJ542WS","46,900",https://www.amazon.in/ASUS-Vivobook-i5-1235U-Keyboard-X1504ZA-NJ542WS/dp/B0CZ2XSK13/ref=sr_1_316?dib=eyJ2IjoiMSJ9.T2RbwcRjoGaotmu4uUabXEu5fGRFiLBWby6NvPpAJGQFawuDCd2LueK9zjD8sj1kccUFgak_afr9wVmo9vgnGzGDxxJTDUzpFEBhZfUgYZeVvmOfwTKSXz4K8uM-1S-PBIteulZD648I8RI0ceyyPBOvLphtHx2zn1imutQKBaT4xIqXUr_6IqhvxIITzFrzNDAyECm-qQskqKilC-1U-7bY2MsC0jb29v8J5S_gNlVBTexkA6mMhBrP-7j2YhtO4SkFvSAEFs5GrPlPah29Da1y6FQr68fRqCtxyFqKuTtvfMlumAPc-t_Wt6gv0lKmRnfvmjt9LB6OWsx6SaR2lIZx8SOt0idkwkSdvYM_WYI.EOhSF_smQamck1AG4g6H9WezwMCDyyLz9VdTT8DRs8M&dib_tag=se&qid=1737566573&s=computers&sr=1-316&xpid=4diLpKEnc_Nj3,2025-01-22 22:58:42,ASUS,ASUS,ASUS Vivobook,"Silver, 16GB RAM",Ultra-Portable,,,15.6 Inches,1920 x 1080 pixels,1920 x 1080 Pixels,,1 Lithium Polymer batteries required. (included),X1504ZA-NJ542WS,Intel,Core i5,1.3 GHz,10,,DDR4,,24 GB,512 GB,SSD,"Headphones, Speakers",,Intel,Integrated,Shared,,PCI Express,"Bluetooth, Wi-Fi",3,19 Volts,,No Optical Storage,Windows 11 Home,,Yes,42 Watt Hours,3,"Laptop, Adapter & User Manual",,1 kg 700 g,B0CZ2XSK13,"3.6
10 ratings
3.6 out of 5 stars","#9,165 in Computers & Accessories (See Top 100 in Computers & Accessories)
#297 in Traditional Laptops",26 March 2024,"DIGITEK (CHONGQING) Limited, B01 SEC C Airport Function Zone Lianglu Cuntan Free Trade Port Area, Yubei District, China","ASUS INDIA PRIVATE LIMITED, 402, Supreme chambers, 17/18, Shah Industrial Estate, Veera Desai Road, Andheri (West), Mumbai 400053, India",,1 Count,Laptop,Intel Iris Xe Graphics,48.29 x 41.4 x 6.5 cm; 1.7 kg,Solid State,1,,,3200 MHz,,"Bluetooth, 802.11ax",,,200 Grams,,,,,,,,,,,,,,,,,,,,,,,,,,,,,,,
"Lenovo V15 G3 Intel Core i3-1215U 12th Gen Thin and Light Laptop/ 8GB DDR4 3200 Ram / 512 GB SSD PCIe/Windows 11/Integrated Graphics /15.6"" FHD Display / 1 Year Warranty","31,980",https://www.amazon.in/Lenovo-i3-1215U-Integrated-Graphics-Warranty/dp/B0D5Z1J8GR/ref=sr_1_317?dib=eyJ2IjoiMSJ9.T2RbwcRjoGaotmu4uUabXEu5fGRFiLBWby6NvPpAJGQFawuDCd2LueK9zjD8sj1kccUFgak_afr9wVmo9vgnGzGDxxJTDUzpFEBhZfUgYZeVvmOfwTKSXz4K8uM-1S-PBIteulZD648I8RI0ceyyPBOvLphtHx2zn1imutQKBaT4xIqXUr_6IqhvxIITzFrzNDAyECm-qQskqKilC-1U-7bY2MsC0jb29v8J5S_gNlVBTexkA6mMhBrP-7j2YhtO4SkFvSAEFs5GrPlPah29Da1y6FQr68fRqCtxyFqKuTtvfMlumAPc-t_Wt6gv0lKmRnfvmjt9LB6OWsx6SaR2lIZx8SOt0idkwkSdvYM_WYI.EOhSF_smQamck1AG4g6H9WezwMCDyyLz9VdTT8DRs8M&dib_tag=se&qid=1737566573&s=computers&sr=1-317&xpid=4diLpKEnc_Nj3,2025-01-22 22:58:42,Lenovo,Lenovo,Lenovo V15 G3 IAP,,thin and light,,,15.6 Inches,1920 x 1080 pixel,1920 x 1080 Pixels,,1 Lithium Ion batteries required. (included),,Intel,Core i3,3.3 GHz,1,8,DDR4,DDR4 SDRAM,16 GB,8 GB,SSD,Headphones,,Intel,Integrated,DDR4 SDRAM,8 GB,Integrated,Wi-Fi,3,,,,Windows 11 Home,6 Hours,Yes,2 Watt Hours,3,"User Manual, Lpatop",,1 kg 700 g,B0D5Z1J8GR,"3.6
5 ratings
3.6 out of 5 stars","#11,162 in Computers & Accessories (See Top 100 in Computers & Accessories)
#360 in Traditional Laptops",3 June 2024,Lenovo,Lenovo,,1 Piece,Laptop,,21 x 13 x 3 cm; 1.7 kg,,1,,,,,Bluetooth,,,,,,,,,,,,,,,,,,,,,,,,,,,,,,,,,,
"Lenovo V15 G4 AMD Athlon Silver 7120U Laptop 8GB LPDDR5 Ram, 512 GB SSD PCIe, Windows 11/MS Office,15.6"" FHD Screen, AMD Radeon 610M, Silver, 1 Year Brand Warranty","25,990",https://www.amazon.in/Lenovo-Athlon-Laptop-Windows-Warranty/dp/B0872G2MPV/ref=sr_1_318?dib=eyJ2IjoiMSJ9.T2RbwcRjoGaotmu4uUabXEu5fGRFiLBWby6NvPpAJGQFawuDCd2LueK9zjD8sj1kccUFgak_afr9wVmo9vgnGzGDxxJTDUzpFEBhZfUgYZeVvmOfwTKSXz4K8uM-1S-PBIteulZD648I8RI0ceyyPBOvLphtHx2zn1imutQKBaT4xIqXUr_6IqhvxIITzFrzNDAyECm-qQskqKilC-1U-7bY2MsC0jb29v8J5S_gNlVBTexkA6mMhBrP-7j2YhtO4SkFvSAEFs5GrPlPah29Da1y6FQr68fRqCtxyFqKuTtvfMlumAPc-t_Wt6gv0lKmRnfvmjt9LB6OWsx6SaR2lIZx8SOt0idkwkSdvYM_WYI.EOhSF_smQamck1AG4g6H9WezwMCDyyLz9VdTT8DRs8M&dib_tag=se&qid=1737566573&s=computers&sr=1-318&xpid=4diLpKEnc_Nj3,2025-01-22 22:58:42,Lenovo,Lenovo,"Lenovo V15 G4 AMD Athlon Silver 7120U Laptop 8GB LPDDR5 Ram, 512 GB SSD PCIe, Windows 11/MS Office ,15.6"" FHD Screen, AMD Radeon 610M, Silver, 1 Year Brand Warranty",Silver,,0.76 Inches,9.83 Inches,15.6,,1920 x 1080,36.14 x 24.97 x 1.93 cm; 2 kg,,Lenovo Laptop,AMD,Athlon X2 Dual Core 7550,2.40,1,8 GB,DDR4,DDR5 RAM,16 GB,8 GB,SSD,Speakers,,AMD,Integrated,DDR DRAM,,Integrated,,1,240 Volts,,,Windows 11 Home,,No,,,Keyboard,China,2 kg,B0872G2MPV,"5.0
2 ratings
5.0 out of 5 stars","#14,203 in Computers & Accessories (See Top 100 in Computers & Accessories)
#427 in Traditional Laptops",2 October 2024,Lenovo India Pvt Ltd,Lenovo India Pvt Ltd,36.1 x 25 x 1.9 Centimeters,,"Lenovo V15 G4 AMD Athlon Silver 7120U Laptop 8GB LPDDR5 Ram, 512 GB SSD PCIe, Windows 11/MS Office ,15.6"" FHD Screen, AMD Radeon 610M, Silver, 1 Year Brand Warranty",Intel HD Graphics 610,,PCIE x 2,2,1,,3.4 GHz,,802.11ac,,,,,,,,,,,,,,,,,,,,,,,,,,,,,,,,,,1
"(Refurbished) Lenovo ThinkPad T495 | AMD Ryzen 7 Pro 3700U | 14"" FHD TouchScreen Display | 16 GB DDR4 RAM | 512 GB M.2 SSD | Radeon Vega Mobile Graphics","24,999",https://www.amazon.in/Refurbished-Lenovo-ThinkPad-T495-TouchScreen/dp/B0DJR5D1KL/ref=sr_1_319?dib=eyJ2IjoiMSJ9.T2RbwcRjoGaotmu4uUabXEu5fGRFiLBWby6NvPpAJGQFawuDCd2LueK9zjD8sj1kccUFgak_afr9wVmo9vgnGzGDxxJTDUzpFEBhZfUgYZeVvmOfwTKSXz4K8uM-1S-PBIteulZD648I8RI0ceyyPBOvLphtHx2zn1imutQKBaT4xIqXUr_6IqhvxIITzFrzNDAyECm-qQskqKilC-1U-7bY2MsC0jb29v8J5S_gNlVBTexkA6mMhBrP-7j2YhtO4SkFvSAEFs5GrPlPah29Da1y6FQr68fRqCtxyFqKuTtvfMlumAPc-t_Wt6gv0lKmRnfvmjt9LB6OWsx6SaR2lIZx8SOt0idkwkSdvYM_WYI.EOhSF_smQamck1AG4g6H9WezwMCDyyLz9VdTT8DRs8M&dib_tag=se&qid=1737566573&s=computers&sr=1-319&xpid=4diLpKEnc_Nj3,2025-01-22 22:58:42,Lenovo,Lenovo,Lenovo Thinkpad,,Clamshell,,,14 Inches,1920 x 1080 pixels,1920 x 1080 Pixels,,,T495,AMD,AMD Ryzen 7,2.3 GHz,1,,DDR4,DDR4 SDRAM,16 GB,512 GB,SSD,,,AMD,Integrated,Shared,,,,,,,,Windows 11 Pro,,,,,"Laptop, Power Cord, Battery",,1 kg 540 g,B0DJR5D1KL,"2.7
3 ratings
2.7 out of 5 stars","#16,578 in Computers & Accessories (See Top 100 in Computers & Accessories)
#480 in Traditional Laptops",9 October 2024,,,,1.00 count,,,45 x 30 x 7 cm; 1.54 kg,,2,,,,,Bluetooth,,,,,,,,,,,,,,,,,,,,,,,,,,,,,,,,,,
"Dell Inspiron 7440 Thin & Light Laptop, Intel Core i7-13620H Processor, 16GB DDR5 + 512GB SSD, 14"" (35.52cm) FHD+ 250nits Display, Backlit KB + FPR, Win 11 + MSO'21, 15 Months McAfee, Ice Blue, 1.60kg","85,490",https://www.amazon.in/Dell-Inspiron-7440-i7-13620H-Processor/dp/B0D83D32DK/ref=sr_1_320?dib=eyJ2IjoiMSJ9.T2RbwcRjoGaotmu4uUabXEu5fGRFiLBWby6NvPpAJGQFawuDCd2LueK9zjD8sj1kccUFgak_afr9wVmo9vgnGzGDxxJTDUzpFEBhZfUgYZeVvmOfwTKSXz4K8uM-1S-PBIteulZD648I8RI0ceyyPBOvLphtHx2zn1imutQKBaT4xIqXUr_6IqhvxIITzFrzNDAyECm-qQskqKilC-1U-7bY2MsC0jb29v8J5S_gNlVBTexkA6mMhBrP-7j2YhtO4SkFvSAEFs5GrPlPah29Da1y6FQr68fRqCtxyFqKuTtvfMlumAPc-t_Wt6gv0lKmRnfvmjt9LB6OWsx6SaR2lIZx8SOt0idkwkSdvYM_WYI.EOhSF_smQamck1AG4g6H9WezwMCDyyLz9VdTT8DRs8M&dib_tag=se&qid=1737566573&s=computers&sr=1-320&xpid=4diLpKEnc_Nj3,2025-01-22 22:58:42,Dell,Dell India Pvt. Ltd.,Inspiron 7440,Ice Blue,Laptop,,,14 Inches,1920 x 1080 pixel,,,1 Lithium Ion batteries required. (included),inspiron 7440,Intel,Core i7,4.9 GHz,1,16,DDR5,,32 GB,512 GB,SSD,Headphones,,Intel,Integrated,DDR5 SDRAM,,Integrated,Bluetooth,2,,,No Optical Storage Device,Windows 11 Home,,Yes,54 Watt Hours,4,Laptop | Adapter | User Manual,,1 kg 600 g,B0D83D32DK,"3.8
18 ratings
3.8 out of 5 stars","#15,793 in Computers & Accessories (See Top 100 in Computers & Accessories)
#455 in Traditional Laptops",26 June 2024,Dell India Pvt. Ltd.,Dell India Pvt. Ltd.,,1 Piece,Laptop,,40.29 x 35.4 x 6.7 cm; 1.6 kg,Solid State,,1,,,,Bluetooth,,,,,,,,,,,,,,,,,,,,,,,,,,,,,,,,,,
