title,price,url,scrape_date,tech_Brand,tech_Manufacturer,tech_Series,tech_Colour,tech_Form Factor,tech_Item Height,tech_Item Width,tech_Standing screen display size,tech_Screen Resolution,tech_Resolution,tech_Product Dimensions,tech_Batteries,tech_Item model number,tech_Processor Brand,tech_Processor Type,tech_Processor Speed,tech_Processor Count,tech_RAM Size,tech_Memory Technology,tech_Computer Memory Type,tech_Maximum Memory Supported,tech_Hard Drive Size,tech_Hard Disk Description,tech_Hard Drive Interface,tech_Audio Details,tech_Speaker Description,tech_Graphics Coprocessor,tech_Graphics Chipset Brand,tech_Graphics Card Description,tech_Graphics RAM Type,tech_Graphics Card Interface,tech_Connectivity Type,tech_Wireless Type,tech_Number of HDMI Ports,tech_Voltage,tech_Wattage,tech_Operating System,tech_Average Battery Life (in hours),tech_Are Batteries Included,tech_Lithium Battery Energy Content,tech_Number of Lithium Ion Cells,tech_Included Components,tech_Country of Origin,tech_Item Weight,info_ASIN,info_Customer Reviews,info_Best Sellers Rank,info_Date First Available,info_Packer,info_Importer,info_Item Dimensions LxWxH,info_Net Quantity,info_Generic Name,tech_Package Dimensions,tech_Number of USB 2.0 Ports,tech_Optical Drive Type,tech_Memory Clock Speed,tech_Number of USB 3.0 Ports,tech_Power Source,tech_Average Battery Standby Life (in hours),tech_Lithium Battery Weight,tech_Number of Lithium Metal Cells,tech_Notebook Display Technology,tech_Graphics Card Ram Size,tech_Number of Ethernet Ports,tech_Front Webcam Resolution,tech_Hardware Platform,tech_Hard Disk Rotational Speed
"HP 15, 12th Gen Intel Core i5-1235U, 16GB DDR4, 512GB SSD, (Win 11, Office 21, Silver, 1.69kg), Anti-Glare, 15.6-inch(39.6cm) FHD Laptop, Intel Iris Xe Graphics, HD Camera, Backlit Keyboard, fy5009tu","52,990",https://www.amazon.in/HP-Keyboard-15-6-inch-fy5009TU-fd0111tu/dp/B0D4M66F6R/ref=sr_1_1?dib=eyJ2IjoiMSJ9.1ANCWEr66Xy-wOdwxMqLkp3CuPgd7hLXDxrVC5MjMWRUFNJOyoULZ-txrj3zBiN36i26jiTmFD_RANUXO2YQSAIOWG4z-ssSb81QlmtF0I2-noLsPm-EjcoJm2eoJ7rPZ-y-BQjwhI4FLv-Pu537t1MRlfUnOXdy0tUJJCVdbiZ2MTAhs9BO5djFBUCCogti-0GJgHLkhlDZfVepe_a8Kg05iqxqKAWXcE8Ie-KXe1zYbaTkZNvzagfGuyMhAfZVmW_Pb81tNcdis_dcKwoMCYmIXfTbq8vPfa9xwMK9qpuI3Q_jpPKACUqDxQ3oESsjd4DOCDemQxJDHceM4z2tcw4Mx3ZR5hvuK-NjIeeu8dY.s3kRWVcKMD5bHExq5wVZLibICG38qfrhNYbrp2BgKvU&dib_tag=se&qid=1737525701&s=computers&sr=1-1,2025-01-22 11:42:30,HP,HP,HP 15s,"Silver, 16GB RAM",Laptop,52 Centimeters,31.2 Centimeters,39.6 Centimetres,1920 x 1080 pixel,1920 x 1080 Pixels,6.9 x 31.2 x 52 cm; 2.42 kg,1 Lithium Ion batteries required. (included),A28GDPA,Intel,Intel Core i5,4.4 GHz,1,16,DDR4,DDR4 SDRAM,16 GB,512 GB,SSD,USB,Headphones,dual speakers,Intel Iris Xe Graphics,Intel,Integrated,DDR4 SDRAM,Integrated,Wi-Fi,Bluetooth,1,11.25 Volts,41 Watt Hours,Windows 11 Home,7 Hours,Yes,41 Watt Hours,3,"Laptop, Power Adapter, User Manual",China,2 kg 420 g,B0D4M66F6R,"3.8
250 ratings
3.8 out of 5 stars","#215 in Computers & Accessories (See Top 100 in Computers & Accessories)
#1 in Traditional Laptops",20 May 2024,"SG66 – QUANTA CQ Tech-Front (CHongqing) computer CO.,LTD 18#, comprehensive bonded zone avenue, Shapingba District 401332 Chongqing China","HP India Sales pvt limited, 24 kothari Arena, Hosur main road, Adugodi , Bangalore -560030",6.9 x 31.2 x 52 Centimeters,1 Count,Laptop,,,,,,,,,,,,,,,
"HP 15, 13th Gen Intel Core i5-1334U, 16GB DDR4, 512GB SSD, (Win 11, Office 21, Silver, 1.59kg), Anti-Glare, 15.6-inch(39.6cm) FHD Laptop, Iris Xe Graphics, FHD Camera, Backlit KB, fd0316TU/fd0315TU","53,990",https://www.amazon.in/HP-i5-1334U-Anti-glare-15-6-inch-Graphics/dp/B0D4LWYWF9/ref=sr_1_2?dib=eyJ2IjoiMSJ9.1ANCWEr66Xy-wOdwxMqLkp3CuPgd7hLXDxrVC5MjMWRUFNJOyoULZ-txrj3zBiN36i26jiTmFD_RANUXO2YQSAIOWG4z-ssSb81QlmtF0I2-noLsPm-EjcoJm2eoJ7rPZ-y-BQjwhI4FLv-Pu537t1MRlfUnOXdy0tUJJCVdbiZ2MTAhs9BO5djFBUCCogti-0GJgHLkhlDZfVepe_a8Kg05iqxqKAWXcE8Ie-KXe1zYbaTkZNvzagfGuyMhAfZVmW_Pb81tNcdis_dcKwoMCYmIXfTbq8vPfa9xwMK9qpuI3Q_jpPKACUqDxQ3oESsjd4DOCDemQxJDHceM4z2tcw4Mx3ZR5hvuK-NjIeeu8dY.s3kRWVcKMD5bHExq5wVZLibICG38qfrhNYbrp2BgKvU&dib_tag=se&qid=1737525701&s=computers&sr=1-2,2025-01-22 11:42:30,HP,HP,HP Laptop,Silver - MSO 2021,Laptop,52.3 Centimeters,31.1 Centimeters,15.6 Inches,1920 x 1080 pixel,,6.7 x 31.1 x 52.3 cm; 2.42 kg,1 Lithium Polymer batteries required. (included),A4KF0PA,Intel,Intel Core i5,4.6 GHz,1,16,DDR4,,16 GB,512 GB,SSD,USB-C,Headphones,,Intel Iris Xe Graphics,Intel,Integrated,DDR4 SDRAM,Integrated,Wi-Fi,Bluetooth,1,240 Volts,,Windows 11 Home,9 Hours,Yes,41 Watt Hours,3,"Laptop, Power Adapter, User Manual",China,2 kg 420 g,B0D4LWYWF9,"3.6
53 ratings
3.6 out of 5 stars","#216 in Computers & Accessories (See Top 100 in Computers & Accessories)
#2 in Traditional Laptops",20 May 2024,"SG66 – QUANTA CQ Tech-Front (CHongqing) computer CO.,LTD 18#, comprehensive bonded zone avenue, Shapingba District 401332 Chongqing China","HP India Sales pvt limited, 24 kothari Arena, Hosur main road, Adugodi , Bangalore -560030",6.7 x 31.1 x 52.3 Centimeters,1 Count,Laptop,,,,,,,,,,,,,,,
"ASUS Vivobook 16"" FHD+ (1920 X 1200), 60Hz 300Nits, Core i5-12500H, (16GB RAM/512GB SSD/Intel Iris X? Graphics/Win 11/Office Home/Fingerprint/42Whr Battery/Transparent Silver/1.88Kg), X1605ZAC-MB541WS","51,990",https://www.amazon.in/ASUS-i5-12500H-Fingerprint-Transparent-X1605ZAC-MB541WS/dp/B0DGLCTZXX/ref=sr_1_3?dib=eyJ2IjoiMSJ9.1ANCWEr66Xy-wOdwxMqLkp3CuPgd7hLXDxrVC5MjMWRUFNJOyoULZ-txrj3zBiN36i26jiTmFD_RANUXO2YQSAIOWG4z-ssSb81QlmtF0I2-noLsPm-EjcoJm2eoJ7rPZ-y-BQjwhI4FLv-Pu537t1MRlfUnOXdy0tUJJCVdbiZ2MTAhs9BO5djFBUCCogti-0GJgHLkhlDZfVepe_a8Kg05iqxqKAWXcE8Ie-KXe1zYbaTkZNvzagfGuyMhAfZVmW_Pb81tNcdis_dcKwoMCYmIXfTbq8vPfa9xwMK9qpuI3Q_jpPKACUqDxQ3oESsjd4DOCDemQxJDHceM4z2tcw4Mx3ZR5hvuK-NjIeeu8dY.s3kRWVcKMD5bHExq5wVZLibICG38qfrhNYbrp2BgKvU&dib_tag=se&qid=1737525701&s=computers&sr=1-3,2025-01-22 11:42:30,ASUS,ASUS,ASUS Vivobook 16,Silver,Laptop,,,16 Inches,1920 x 1200 pixel,1920 x 1200 Pixels,,1 Lithium Ion batteries required. (included),X1605ZAC-MB541WS,Intel,Core i5-12500H,2.5 GHz,12,16 GB,DDR4,,16 GB,512 GB,,USB,,,Intel Iris Xe Graphics,Intel,Integrated,Shared,Integrated,"Bluetooth, Wi-Fi",Bluetooth,,,,Windows 11 Home,42 Watt Hours,Yes,42 Watt Hours,3,"Laptop, Charger & User Manual",China,1 kg 880 g,B0DGLCTZXX,"3.9
41 ratings
3.9 out of 5 stars","#312 in Computers & Accessories (See Top 100 in Computers & Accessories)
#3 in Traditional Laptops",10 September 2024,"DIGITEK (CHONGQING) LIMITED B01 SEC C AIRPORT FUNCTION ZONE LIANGLU CUNTAN FREE TRADE PORT AREA, YUBEI DISTRICT CHONGQING CHINA","ASUS INDIA PRIVATE LIMITED, 402, Supreme chambers, 17/18, Shah Industrial Estate, Veera Desai Road, Andheri (West), Mumbai 400053, India",,1 Count,Laptop,48.7 x 30.9 x 6.9 cm; 1.88 kg,1,No Optical Storage,,,,,,,,,,,,
"Dell 15 [Smartchoice] Intel Core i3-1215U Processor, 12th Gen (8GB RAM/512GB SSD/FHD/Window 11/MS Office' 21/15""(38 cm) Display/15 Month McAfee/Black/1.69kg Thin & Light Laptop","34,990",https://www.amazon.in/Dell-Smartchoice-i3-1215U-Processor-Spill-Resistant/dp/B0BQJ68HHC/ref=sr_1_4?dib=eyJ2IjoiMSJ9.1ANCWEr66Xy-wOdwxMqLkp3CuPgd7hLXDxrVC5MjMWRUFNJOyoULZ-txrj3zBiN36i26jiTmFD_RANUXO2YQSAIOWG4z-ssSb81QlmtF0I2-noLsPm-EjcoJm2eoJ7rPZ-y-BQjwhI4FLv-Pu537t1MRlfUnOXdy0tUJJCVdbiZ2MTAhs9BO5djFBUCCogti-0GJgHLkhlDZfVepe_a8Kg05iqxqKAWXcE8Ie-KXe1zYbaTkZNvzagfGuyMhAfZVmW_Pb81tNcdis_dcKwoMCYmIXfTbq8vPfa9xwMK9qpuI3Q_jpPKACUqDxQ3oESsjd4DOCDemQxJDHceM4z2tcw4Mx3ZR5hvuK-NjIeeu8dY.s3kRWVcKMD5bHExq5wVZLibICG38qfrhNYbrp2BgKvU&dib_tag=se&qid=1737525701&s=computers&sr=1-4,2025-01-22 11:42:30,Dell,Dell,Vostro,i3-1215U + Black,laptop,22 Millimeters,35.8 Centimeters,15.6 Inches,1920 x 1080 pixels,1920 x 1080,23.5 x 35.8 x 2.2 cm; 1.69 kg,1 Lithium Ion batteries required. (included),Vostro 3520,Intel,Core i3 Family,0.9 GHz,1,8 GB,DDR4,,16 GB,512 GB,SSD,Solid State,Speakers,,INTEGRATED,Intel,Integrated,Shared,Integrated,"Bluetooth, Wi-Fi",,,240 Volts,65 Watts,Windows 11 Home,10 Hours,Yes,2.6 Watt Hours,3,"Laptop, Battery, AC Adapter, User Guide, Manuals",China,1 kg 690 g,B0BQJ68HHC,"3.6
830 ratings
3.6 out of 5 stars","#388 in Computers & Accessories (See Top 100 in Computers & Accessories)
#6 in Traditional Laptops",19 December 2022,Dell India Pvt Ltd,Dell India Pvt Ltd,23.5 x 35.8 x 2.2 Centimeters,1 Count,Laptop,,1,No Optical Drive,2666 MHz,2,Battery Powered,10 Hours,,,,,,,,
"Acer Aspire Lite AMD Ryzen 5-5625U Premium Thin and Light Laptop (16 GB RAM/512 GB SSD/Windows 11 Home) AL15-41, 39.62 cm (15.6"") Full HD Display, Metal Body, Steel Gray, 1.59 KG","33,490",https://www.amazon.in/Acer-5-5625U-Premium-Windows-AL15-41/dp/B0DG2GCTD7/ref=sr_1_5?dib=eyJ2IjoiMSJ9.1ANCWEr66Xy-wOdwxMqLkp3CuPgd7hLXDxrVC5MjMWRUFNJOyoULZ-txrj3zBiN36i26jiTmFD_RANUXO2YQSAIOWG4z-ssSb81QlmtF0I2-noLsPm-EjcoJm2eoJ7rPZ-y-BQjwhI4FLv-Pu537t1MRlfUnOXdy0tUJJCVdbiZ2MTAhs9BO5djFBUCCogti-0GJgHLkhlDZfVepe_a8Kg05iqxqKAWXcE8Ie-KXe1zYbaTkZNvzagfGuyMhAfZVmW_Pb81tNcdis_dcKwoMCYmIXfTbq8vPfa9xwMK9qpuI3Q_jpPKACUqDxQ3oESsjd4DOCDemQxJDHceM4z2tcw4Mx3ZR5hvuK-NjIeeu8dY.s3kRWVcKMD5bHExq5wVZLibICG38qfrhNYbrp2BgKvU&dib_tag=se&qid=1737525701&s=computers&sr=1-5,2025-01-22 11:42:30,Acer,Acer,Aspire Lite,Steel Gray,Laptop,,,15.6 Inches,1920 x 1080 pixels,1920 x 1080 Pixels,,1 Lithium Ion batteries required. (included),AL15-41,AMD,Ryzen 5,2.3 GHz,1,16 GB,DDR4,DDR4 SDRAM,16 GB,,SSD,Solid State,Speakers,,AMD Radeon Graphics,AMD,Integrated,DDR4 SDRAM,Integrated,Wi-Fi,Bluetooth,,240 Volts,45 Watts,Windows 11 Home,,Yes,36 Watt Hours,3,"1U (contains Laptop 1N, Power cord 1N, Adapter 1N, User Manual 1N)",China,1 kg 590 g,B0DG2GCTD7,"3.8
113 ratings
3.8 out of 5 stars","#385 in Computers & Accessories (See Top 100 in Computers & Accessories)
#5 in Traditional Laptops",2 September 2024,"ACER INDIA PRIVATE LIMITED, RS No.38/2, Sedarpet Village, Villanur Commune, Poducherry - 605111.","ACER INDIA PRIVATE LIMITED Embassy Heights, 6th Floor, No. 13, Magrath Road, Next to HOSMAT Hospital, Bangalore, INDIA – 560025",,1 Count,Laptop,48.8 x 32.2 x 8.6 cm; 1.59 kg,2,,,2,,,0.5 Grams,3,,,,,,
"HP 15s, 12th Gen Intel Core i3-1215U, 8GB DDR4, 512GB SSD, (Win 11, Office 21, Silver, 1.69kg) Anti-glare, Micro-edge, 15.6-inch(39.6cm) FHD laptop, Intel UHD Graphics, HD camera, Backlit KB, fq5327tu","37,958",https://www.amazon.in/HP-i3-1215U-15-6-inch-Graphics-Speakers/dp/B0BP2M7CCS/ref=sr_1_6?dib=eyJ2IjoiMSJ9.1ANCWEr66Xy-wOdwxMqLkp3CuPgd7hLXDxrVC5MjMWRUFNJOyoULZ-txrj3zBiN36i26jiTmFD_RANUXO2YQSAIOWG4z-ssSb81QlmtF0I2-noLsPm-EjcoJm2eoJ7rPZ-y-BQjwhI4FLv-Pu537t1MRlfUnOXdy0tUJJCVdbiZ2MTAhs9BO5djFBUCCogti-0GJgHLkhlDZfVepe_a8Kg05iqxqKAWXcE8Ie-KXe1zYbaTkZNvzagfGuyMhAfZVmW_Pb81tNcdis_dcKwoMCYmIXfTbq8vPfa9xwMK9qpuI3Q_jpPKACUqDxQ3oESsjd4DOCDemQxJDHceM4z2tcw4Mx3ZR5hvuK-NjIeeu8dY.s3kRWVcKMD5bHExq5wVZLibICG38qfrhNYbrp2BgKvU&dib_tag=se&qid=1737525701&s=computers&sr=1-6,2025-01-22 11:42:30,HP,HP,HP Laptop,Natural Silver,Netbook,18 Millimeters,24.2 Centimeters,39.6 Centimetres,1920 x 1080 pixel,1920 x 1080 Pixels,35.9 x 24.2 x 1.8 cm; 1.7 kg,1 Lithium Ion batteries required. (included),15s-fq5007TU,Intel,Core i3,4.4 GHz,1,8 GB,DDR4,,16 GB,512 GB,SSD,USB-C,"Headphones, Speakers",Dual speakers,Intel UHD Graphics,Intel,Integrated,VRAM,Integrated,"Bluetooth, Wi-Fi",Bluetooth,1,,65 Watts,Windows 11 Home,10 Hours,Yes,41 Watt Hours,3,"Laptop, Power Adapter, User Manual",China,1 kg 700 g,B0BP2M7CCS,"4.0
1,108 ratings
4.0 out of 5 stars","#494 in Computers & Accessories (See Top 100 in Computers & Accessories)
#8 in Traditional Laptops",5 December 2022,HP India Sales Pvt. Ltd.,HP India Sales Pvt. Ltd.,35.9 x 24.2 x 1.8 Centimeters,1 Count,Laptop,,,NO ODD,,2,Battery Powered,7 Hours,,,,,,,,
"Dell {Smartchoice} G15-5530 Core i5-13450HX| NVIDIA RTX 3050, 6GB (16GB RAM|1TB SSD, FHD|Window 11|MS Office' 21|15.6"" (39.62cm)|Dark Shadow Grey|2.65Kg|Gaming Laptop","77,990",https://www.amazon.in/Dell-Smartchoice-G15-5530-Gaming-i5-13450HX/dp/B0CRKXDX83/ref=sr_1_7?dib=eyJ2IjoiMSJ9.1ANCWEr66Xy-wOdwxMqLkp3CuPgd7hLXDxrVC5MjMWRUFNJOyoULZ-txrj3zBiN36i26jiTmFD_RANUXO2YQSAIOWG4z-ssSb81QlmtF0I2-noLsPm-EjcoJm2eoJ7rPZ-y-BQjwhI4FLv-Pu537t1MRlfUnOXdy0tUJJCVdbiZ2MTAhs9BO5djFBUCCogti-0GJgHLkhlDZfVepe_a8Kg05iqxqKAWXcE8Ie-KXe1zYbaTkZNvzagfGuyMhAfZVmW_Pb81tNcdis_dcKwoMCYmIXfTbq8vPfa9xwMK9qpuI3Q_jpPKACUqDxQ3oESsjd4DOCDemQxJDHceM4z2tcw4Mx3ZR5hvuK-NjIeeu8dY.s3kRWVcKMD5bHExq5wVZLibICG38qfrhNYbrp2BgKvU&dib_tag=se&qid=1737525701&s=computers&sr=1-7,2025-01-22 11:42:30,Dell,Dell India Pvt Ltd,Dell Laptop,Dark Shadow Gray with Black thermal shelf,Gaming,57.9 Centimeters,35.7 Centimeters,15.6 Inches,1920 x 1080 pixels,1920 x 1080,7.7 x 35.7 x 57.9 cm; 2.6 kg,1 Lithium Ion batteries required. (included),New Dell Gaming G15,Intel,Core i5,4.6 GHz,1,16,DDR5,DDR5 RAM,32 GB,1 TB,SSD,Solid State,Headphones,,"NVIDIA GeForce RTX 3050, 6 GB GDDR6",NVIDIA,Dedicated,GDDR6,PCI Express,"Bluetooth, Wi-Fi",Bluetooth,1,110 Volts,180 Watts,Windows 11 Home,7 Hours,Yes,56 Watt Hours,3,"User Manual, Laptop, Charger & Adapter",China,2 kg 600 g,B0CRKXDX83,"4.0
1,004 ratings
4.0 out of 5 stars","#590 in Computers & Accessories (See Top 100 in Computers & Accessories)
#10 in Traditional Laptops",5 January 2024,Dell India Pvt Ltd,Dell India Pvt Ltd,7.7 x 35.7 x 57.9 Centimeters,1 Piece,Laptop,,,No Optical Device,4800 MHz,4,,,,,led,6 GB,,,,
"Lenovo IdeaPad Slim 3 13th Gen Intel Core i7-13620H 15.6"" (39.62cm) FHDIPS300 Nits Thin&Light Laptop (16GB/512GB SSD/Intel UHDGraphics/Win11/Office Home 2024/1YrADP Free/ARCTIC-Grey/1.6Kg), 83EM00GTIN","66,490",https://www.amazon.in/Lenovo-IdeaPad-i7-13620H-Graphics-83EM00GTIN/dp/B0DL5N2TFC/ref=sr_1_8?dib=eyJ2IjoiMSJ9.1ANCWEr66Xy-wOdwxMqLkp3CuPgd7hLXDxrVC5MjMWRUFNJOyoULZ-txrj3zBiN36i26jiTmFD_RANUXO2YQSAIOWG4z-ssSb81QlmtF0I2-noLsPm-EjcoJm2eoJ7rPZ-y-BQjwhI4FLv-Pu537t1MRlfUnOXdy0tUJJCVdbiZ2MTAhs9BO5djFBUCCogti-0GJgHLkhlDZfVepe_a8Kg05iqxqKAWXcE8Ie-KXe1zYbaTkZNvzagfGuyMhAfZVmW_Pb81tNcdis_dcKwoMCYmIXfTbq8vPfa9xwMK9qpuI3Q_jpPKACUqDxQ3oESsjd4DOCDemQxJDHceM4z2tcw4Mx3ZR5hvuK-NjIeeu8dY.s3kRWVcKMD5bHExq5wVZLibICG38qfrhNYbrp2BgKvU&dib_tag=se&qid=1737525701&s=computers&sr=1-8,2025-01-22 11:42:30,Lenovo,Lenovo,IdeaPad Slim,Arctic Grey,Thin & Light,,,15 Inches,1920 x 1080 pixels,1920 x 1080 Pixels,,1 Lithium Polymer batteries required. (included),15IRH8,Intel,Intel Core i7,2.4 GHz,10,,Lpddr 5,DDR5 RAM,16 GB,512 GB,SSD,PCIE x 4,"Headphones, Speakers","User-facing stereo speakers, 1.5W x2, optimized with Dolby Audio",Intel UHD Graphics,Intel,Integrated,Shared,Integrated,Wi-Fi,,1,,,Windows 11 Home,7 Hours,Yes,47 Watt Hours,4,"User Guide, Laptop, Power Adapter",China,1 kg 620 g,B0DL5N2TFC,"3.9
713 ratings
3.9 out of 5 stars","#769 in Computers & Accessories (See Top 100 in Computers & Accessories)
#16 in Traditional Laptops",28 October 2024,"One of the below: Hefei Bitland Information Technology Co.,Ltd - No.4088 Jiuxiu Road National Hefei economic & technology development area Hefei Anhui China LCFC（Hefei) Electronics Technology Co., Ltd. - NO.1-3188,YUNGU ROAD, HEFEI EXPORT PROCESSING ZONE. ANHUI PROVINCE,CHINA Tech-Com(Shanghai) Computer Co Ltd - No.6 Ln.58,San-Zhuang Rd., Songjiang EPZ ShangHai, China Wistron InfoComm (Kunshan) Co.Ltd - 168# First Avenue, Kunshan Export Processing Zone, Kunshan, Jiangsu, China Compal information technology (kunshan) CO., LTD. - Address: No. 58, the 1st street, Kunshan Export Processing Zone, Jiangsu, P.R.O.C. CHINA Kunshan Hichain storage Co. Ltd - No. 88 Xinxiang Road Avenue Kunshan CBZ Wujiang Hichain warehousing LTD - No.2088 Pangjin road, Wujiang economic development area, Jiangsu, China","Lenovo (India) Private Limited, RBD Icon, Level 2, Doddenakundi Village, Marathahalli Outer Ring Road, K. R. Puram Hobli, Bangalore 560037, Karnataka, India",,1 Count,Laptop,48.5 x 33.29 x 7.4 cm; 1.62 kg,,No Optical Drive,,3,,,,,,,1,,,
"Acer Aspire Lite 12th Gen Intel Core i5-12450H Thin and Light Laptop (Windows11Home/16GB RAM/512GB SSD/MSO) AL15-52H, 39.62cm (15.6"") IPS Full HD, Backlit Keyboard, Pure Silver, 1.7KG","47,990",https://www.amazon.in/Acer-i5-12450H-Windows11Home-AL15-52H-Keyboard/dp/B0DDL495SX/ref=sr_1_9?dib=eyJ2IjoiMSJ9.1ANCWEr66Xy-wOdwxMqLkp3CuPgd7hLXDxrVC5MjMWRUFNJOyoULZ-txrj3zBiN36i26jiTmFD_RANUXO2YQSAIOWG4z-ssSb81QlmtF0I2-noLsPm-EjcoJm2eoJ7rPZ-y-BQjwhI4FLv-Pu537t1MRlfUnOXdy0tUJJCVdbiZ2MTAhs9BO5djFBUCCogti-0GJgHLkhlDZfVepe_a8Kg05iqxqKAWXcE8Ie-KXe1zYbaTkZNvzagfGuyMhAfZVmW_Pb81tNcdis_dcKwoMCYmIXfTbq8vPfa9xwMK9qpuI3Q_jpPKACUqDxQ3oESsjd4DOCDemQxJDHceM4z2tcw4Mx3ZR5hvuK-NjIeeu8dY.s3kRWVcKMD5bHExq5wVZLibICG38qfrhNYbrp2BgKvU&dib_tag=se&qid=1737525701&s=computers&sr=1-9,2025-01-22 11:42:30,Acer,Acer,Aspire Lite,Silver,Laptop,,,15.6 Inches,1920 x 1080 pixels,1920 x 1080 Pixels,,1 Lithium Ion batteries required. (included),AL15-52H,Intel,Core i5-12450H,3.3 GHz,1,,Lpddr 5,DDR5 RAM,16 GB,,,Solid State,,,Intel UHD Graphics,Intel,Integrated,DDR5 SDRAM,Integrated,"Bluetooth, Wi-Fi",,,19 Volts,,Windows 11 Home,7 Hours,Yes,54 Watt Hours,3,"1U (contains Laptop 1N, Power cord 1N, Adapter 1N, User Manual 1N)",China,1 kg 700 g,B0DDL495SX,"3.9
233 ratings
3.9 out of 5 stars","#656 in Computers & Accessories (See Top 100 in Computers & Accessories)
#13 in Traditional Laptops",15 August 2024,"ACER INDIA PRIVATE LIMITED, RS No.38/2, Sedarpet Village, Villanur Commune, Poducherry - 605111.","ACER INDIA PRIVATE LIMITED Embassy Heights, 6th Floor, No. 13, Magrath Road, Next to HOSMAT Hospital, Bangalore, INDIA – 560025",,1 Count,Laptop,45.29 x 33.5 x 9.9 cm; 1.7 kg,2,,,2,,,,3,,,,2 MP,,
"HP Victus, AMD Ryzen 5 5600H, NVIDIA RTX 3050, 16GB DDR4, 512GB SSD (Win11, Office21, Blue, 2.37kg) 144Hz, 9MS, IPS, 15.6-inch(39.6cm) Gaming Laptop, Backlit kb, Enhanced Cooling, fb0106AX/Fb0112AX","57,990",https://www.amazon.in/HP-GeForce-Graphics-Response-15-fb0106AX/dp/B0BWS9YNCX/ref=sr_1_10?dib=eyJ2IjoiMSJ9.1ANCWEr66Xy-wOdwxMqLkp3CuPgd7hLXDxrVC5MjMWRUFNJOyoULZ-txrj3zBiN36i26jiTmFD_RANUXO2YQSAIOWG4z-ssSb81QlmtF0I2-noLsPm-EjcoJm2eoJ7rPZ-y-BQjwhI4FLv-Pu537t1MRlfUnOXdy0tUJJCVdbiZ2MTAhs9BO5djFBUCCogti-0GJgHLkhlDZfVepe_a8Kg05iqxqKAWXcE8Ie-KXe1zYbaTkZNvzagfGuyMhAfZVmW_Pb81tNcdis_dcKwoMCYmIXfTbq8vPfa9xwMK9qpuI3Q_jpPKACUqDxQ3oESsjd4DOCDemQxJDHceM4z2tcw4Mx3ZR5hvuK-NjIeeu8dY.s3kRWVcKMD5bHExq5wVZLibICG38qfrhNYbrp2BgKvU&dib_tag=se&qid=1737525701&s=computers&sr=1-10,2025-01-22 11:42:30,HP,HP,Victus Gaming Laptop,Performance Blue,Netbook,52.2 Centimeters,30.9 Centimeters,39.6 Centimetres,1920 x 1080 pixel,1920x1080 Pixels,7.2 x 30.9 x 52.2 cm; 3.42 kg,1 Lithium Ion batteries required. (included),15-fb0106AX/15-fb0112ax,AMD,AMD Ryzen 5 5600X,4.2 GHz,1,16 GB,DDR4,,16 GB,512 GB,SSD,Solid State,Headphones,"Audio by B&O, Dual speakers",NVIDIA GeForce RTX 3050,AMD,Dedicated,GDDR6,PCI Express,Wi-Fi,Bluetooth,1,,52.5 Watt Hours,Windows 11 Home,10 Hours,Yes,52.5 Watt Hours,3,"Laptop, Power Adapter, User Manual",China,3 kg 420 g,B0BWS9YNCX,"4.2
187 ratings
4.2 out of 5 stars","#502 in Computers & Accessories (See Top 100 in Computers & Accessories)
#9 in Traditional Laptops",24 February 2023,"SG66 – QUANTA CQ Tech-Front (CHongqing) computer CO.,LTD 18#, comprehensive bonded zone avenue, Shapingba District 401332 Chongqing China","HP India Sales pvt limited, 24 kothari Arena, Hosur main road, Adugodi , Bangalore -560030.",7.2 x 30.9 x 52.2 Centimeters,1 Count,Laptop,,,,3200 MHz,2,ac,,,,,4 GB,,720 Pixels,,
"HP 15s, 12th Gen Intel Core i3-1215U, 8GB DDR4, 512GB SSD, (Win 11, Office 21, Silver, 1.69kg), Anti-Glare, 15.6-inch (39.6cm) FHD Laptop, Intel UHD Graphics, HD Camera, Dual Speakers, fy5011TU","37,990",https://www.amazon.in/HP-i3-1215U-Anti-Glare-15-6-inch-Graphics/dp/B0D4LZMJ5Z/ref=sr_1_11?dib=eyJ2IjoiMSJ9.1ANCWEr66Xy-wOdwxMqLkp3CuPgd7hLXDxrVC5MjMWRUFNJOyoULZ-txrj3zBiN36i26jiTmFD_RANUXO2YQSAIOWG4z-ssSb81QlmtF0I2-noLsPm-EjcoJm2eoJ7rPZ-y-BQjwhI4FLv-Pu537t1MRlfUnOXdy0tUJJCVdbiZ2MTAhs9BO5djFBUCCogti-0GJgHLkhlDZfVepe_a8Kg05iqxqKAWXcE8Ie-KXe1zYbaTkZNvzagfGuyMhAfZVmW_Pb81tNcdis_dcKwoMCYmIXfTbq8vPfa9xwMK9qpuI3Q_jpPKACUqDxQ3oESsjd4DOCDemQxJDHceM4z2tcw4Mx3ZR5hvuK-NjIeeu8dY.s3kRWVcKMD5bHExq5wVZLibICG38qfrhNYbrp2BgKvU&dib_tag=se&qid=1737525701&s=computers&sr=1-11,2025-01-22 11:42:30,HP,HP,HP Laptop,"Silver, 512GB SSD",Laptop,52.1 Centimeters,30.7 Centimeters,15.6 Inches,1920 x 1080 pixel,1920 x 1080 Pixels,6.9 x 30.7 x 52.1 cm; 2.39 kg,1 Lithium Ion batteries required. (included),A4KF2PA,Intel,Intel Core i3,4.4 GHz,1,8,DDR4,,8 GB,512 GB,SSD,USB-C,Headphones,,Intel UHD Graphics,Intel,Integrated,DDR4 SDRAM,Integrated,Wi-Fi,Bluetooth,1,,,Windows 11 Home,,Yes,41 Watt Hours,3,"Laptop, Power Adapter, User Manual",China,2 kg 390 g,B0D4LZMJ5Z,"3.9
167 ratings
3.9 out of 5 stars","#788 in Computers & Accessories (See Top 100 in Computers & Accessories)
#17 in Traditional Laptops",20 May 2024,"SG66 – QUANTA CQ Tech-Front (CHongqing) computer CO.,LTD 18#, comprehensive bonded zone avenue, Shapingba District 401332 Chongqing China","HP India Sales pvt limited, 24 kothari Arena, Hosur main road, Adugodi , Bangalore -560030",6.9 x 30.7 x 52.1 Centimeters,1 Count,Laptop,,,,,,,,,,,,,,,
"HP Victus, 12th Gen Intel Core i5-12450H, NVIDIA RTX 2050, 16GB DDR4, 512GB SSD (Win11, Office21, Blue, 2.3kg) 144Hz, 9MS, IPS, 15.6-inch(39.6cm) Gaming Laptop, Enhanced Cooling, fa1227TX/fa1314TX","62,990",https://www.amazon.in/HP-i5-12450H-15-6-inch-Response-fa1373TX/dp/B0D2DDJ6PJ/ref=sr_1_12?dib=eyJ2IjoiMSJ9.1ANCWEr66Xy-wOdwxMqLkp3CuPgd7hLXDxrVC5MjMWRUFNJOyoULZ-txrj3zBiN36i26jiTmFD_RANUXO2YQSAIOWG4z-ssSb81QlmtF0I2-noLsPm-EjcoJm2eoJ7rPZ-y-BQjwhI4FLv-Pu537t1MRlfUnOXdy0tUJJCVdbiZ2MTAhs9BO5djFBUCCogti-0GJgHLkhlDZfVepe_a8Kg05iqxqKAWXcE8Ie-KXe1zYbaTkZNvzagfGuyMhAfZVmW_Pb81tNcdis_dcKwoMCYmIXfTbq8vPfa9xwMK9qpuI3Q_jpPKACUqDxQ3oESsjd4DOCDemQxJDHceM4z2tcw4Mx3ZR5hvuK-NjIeeu8dY.s3kRWVcKMD5bHExq5wVZLibICG38qfrhNYbrp2BgKvU&dib_tag=se&qid=1737525701&s=computers&sr=1-12,2025-01-22 11:42:30,HP,HP,HP Laptop,"Blue, 16GB RAM",Laptop,52.2 Centimeters,30.5 Centimeters,39.6 Centimetres,1920 x 1080 pixel,,7 x 30.5 x 52.2 cm; 3.11 kg,1 Lithium Ion batteries required. (included),15-Fa1227Tx,Intel,Intel Core i5,4.4 GHz,1,16 GB,DDR4,,16 GB,512 GB,SSD,,Headphones,,,Intel,Dedicated,GDDR6,Integrated,Wi-Fi,Bluetooth,,11.6 Volts,,Windows 11 Home,,Yes,52.5 Watt Hours,3,"Laptop, Charger, User Manual",China,3 kg 110 g,B0D2DDJ6PJ,"4.0
497 ratings
4.0 out of 5 stars","#806 in Computers & Accessories (See Top 100 in Computers & Accessories)
#20 in Traditional Laptops",22 April 2024,"SG66 – QUANTA CQ Tech-Front (CHongqing) computer CO.,LTD 18#, comprehensive bonded zone avenue, Shapingba District 401332 Chongqing China","HP India Sales pvt limited, 24 kothari Arena, Hosur main road, Adugodi , Bangalore -560030.",7 x 30.5 x 52.2 Centimeters,1 Count,Laptop,,,,,,,,,,,4 GB,,,,
"ASUS TUF Gaming A15, AMD Ryzen 7 7435Hs, 15.6-Inch, FHD 144Hz, Gaming Laptop (16GB RAM/512GB SSD/NVIDIA Geforce RTX 3050/Windows 11/48WHR/Graphite Black/2.3 Kg), FA506NCR-HN054W","63,990",https://www.amazon.in/ASUS-15-6-inch-GeForce-Graphite-FA506NCR-HN054W/dp/B0D5DFR78J/ref=sr_1_13?dib=eyJ2IjoiMSJ9.1ANCWEr66Xy-wOdwxMqLkp3CuPgd7hLXDxrVC5MjMWRUFNJOyoULZ-txrj3zBiN36i26jiTmFD_RANUXO2YQSAIOWG4z-ssSb81QlmtF0I2-noLsPm-EjcoJm2eoJ7rPZ-y-BQjwhI4FLv-Pu537t1MRlfUnOXdy0tUJJCVdbiZ2MTAhs9BO5djFBUCCogti-0GJgHLkhlDZfVepe_a8Kg05iqxqKAWXcE8Ie-KXe1zYbaTkZNvzagfGuyMhAfZVmW_Pb81tNcdis_dcKwoMCYmIXfTbq8vPfa9xwMK9qpuI3Q_jpPKACUqDxQ3oESsjd4DOCDemQxJDHceM4z2tcw4Mx3ZR5hvuK-NjIeeu8dY.s3kRWVcKMD5bHExq5wVZLibICG38qfrhNYbrp2BgKvU&dib_tag=se&qid=1737525701&s=computers&sr=1-13,2025-01-22 11:42:30,ASUS,ASUS,TUF Gaming F15,"Graphite Black, R7 | RTX 3050",Ultra-Portable,43.2 Centimeters,31 Centimeters,15.6 Inches,1920 x 1080 pixel,1920 x 1080 Pixels,10.4 x 31 x 43.2 cm; 2.3 kg,1 Lithium Ion batteries required. (included),FA506NCR-HN054W,AMD,AMD Ryzen 7,3.1 GHz,8,16,DDR5,DDR5 RAM,32 GB,512 GB,SSD,,Headphones,DTS Software,NVIDIA GeForce RTX 3050,NVIDIA,Dedicated,GDDR6,PCI Express,Wi-Fi,,,240 Volts,,Windows 11 Home,,Yes,48 Watt Hours,3,"Laptop, Adapter & User Manuals",China,2 kg 300 g,B0D5DFR78J,"4.0
398 ratings
4.0 out of 5 stars","#613 in Computers & Accessories (See Top 100 in Computers & Accessories)
#11 in Traditional Laptops",28 May 2024,"TECH FRONT ( CHONGQING) Computer Co. Ltd, NO 18 , Zongbao Road, Shapingba Dist,Chongquing, China","ASUS INDIA PRIVATE LIMITED, 402, Supreme chambers, 17/18, Shah Industrial Estate, Veera Desai Road, Andheri (West), Mumbai 400053, India",10.4 x 31 x 43.2 Centimeters,1 Count,Laptop,,,No Optical Storage,,,,,,,,4 GB,,,,
(Refurbished) Lenovo ThinkPad 8th Gen Intel Core i5 Thin & Light HD Laptop (16 GB DDR4 RAM/512 GB SSD/14 (35.6 cm) HD/Windows 11/MS Office/WiFi/Bluetooth 4.1/Webcam/Intel Graphics),"18,355",https://www.amazon.in/Refurbished-Lenovo-ThinkPad-Bluetooth-Graphics/dp/B0DMTPY8PJ/ref=sr_1_14?dib=eyJ2IjoiMSJ9.1ANCWEr66Xy-wOdwxMqLkp3CuPgd7hLXDxrVC5MjMWRUFNJOyoULZ-txrj3zBiN36i26jiTmFD_RANUXO2YQSAIOWG4z-ssSb81QlmtF0I2-noLsPm-EjcoJm2eoJ7rPZ-y-BQjwhI4FLv-Pu537t1MRlfUnOXdy0tUJJCVdbiZ2MTAhs9BO5djFBUCCogti-0GJgHLkhlDZfVepe_a8Kg05iqxqKAWXcE8Ie-KXe1zYbaTkZNvzagfGuyMhAfZVmW_Pb81tNcdis_dcKwoMCYmIXfTbq8vPfa9xwMK9qpuI3Q_jpPKACUqDxQ3oESsjd4DOCDemQxJDHceM4z2tcw4Mx3ZR5hvuK-NjIeeu8dY.s3kRWVcKMD5bHExq5wVZLibICG38qfrhNYbrp2BgKvU&dib_tag=se&qid=1737525701&s=computers&sr=1-14,2025-01-22 11:42:30,Lenovo,Lenovo,Lenovo ThinkPad,,Clamshell,,,14 Inches,1366 x 768 pixels,1366 x 768 Pixels,,1 LR44 batteries required.,,Intel,Intel Core i5,1.6 GHz,1,,DDR3,DDR4 SDRAM,16 GB,512 GB,SSD,Serial ATA,Headphones,Basic built-in speakers,,Intel,Integrated,Shared,,Wi-Fi,802.11n,1,,,Windows,3 Hours,No,55 Watt Hours,3,"Laptop, Power Cord, Battery",,1 kg 700 g,B0DMTPY8PJ,"3.4
155 ratings
3.4 out of 5 stars","#463 in Computers & Accessories (See Top 100 in Computers & Accessories)
#1 in Renewed Black Friday and Cyber Monday Sale
#1 in Mega Offers on Renewed products
#7 in Traditional Laptops",12 November 2024,,,,1.00 count,,47.5 x 32.5 x 9.8 cm; 1.7 kg,,,,,,,,,,,1,,,
"HP 15S AMD Ryzen 5000 (16GB Ram/512GB SSD/Fhd/Windows 11/Ms Office 21/Backlit Keyboard/ 15.6"" (39.6 Cm)/Silver/2.21 Kg) Eq2305Au/Eq2182Au Laptop","42,990",https://www.amazon.in/HP-Windows-Keyboard-eq2305AU-eq2182au/dp/B0B4N77Y34/ref=sr_1_15?dib=eyJ2IjoiMSJ9.1ANCWEr66Xy-wOdwxMqLkp3CuPgd7hLXDxrVC5MjMWRUFNJOyoULZ-txrj3zBiN36i26jiTmFD_RANUXO2YQSAIOWG4z-ssSb81QlmtF0I2-noLsPm-EjcoJm2eoJ7rPZ-y-BQjwhI4FLv-Pu537t1MRlfUnOXdy0tUJJCVdbiZ2MTAhs9BO5djFBUCCogti-0GJgHLkhlDZfVepe_a8Kg05iqxqKAWXcE8Ie-KXe1zYbaTkZNvzagfGuyMhAfZVmW_Pb81tNcdis_dcKwoMCYmIXfTbq8vPfa9xwMK9qpuI3Q_jpPKACUqDxQ3oESsjd4DOCDemQxJDHceM4z2tcw4Mx3ZR5hvuK-NjIeeu8dY.s3kRWVcKMD5bHExq5wVZLibICG38qfrhNYbrp2BgKvU&dib_tag=se&qid=1737525701&s=computers&sr=1-15,2025-01-22 11:42:30,HP,HP,HP Laptop 15s-eq2182AU,"Silver, Ryzen 5 5500U",Ultra-Portable,18 Millimeters,24.2 Centimeters,39.6 Centimetres,1920 x 1080 pixel,1280 x 720 Pixels,35.8 x 24.2 x 1.8 cm; 1.7 kg,1 Lithium Ion batteries required. (included),eq2100 series,AMD,AMD Ryzen 5 5500U,4 GHz,1,16 GB,DDR4,,16 GB,512 GB,SSD,Solid State,"Headphones, Speakers",Dual speakers,AMD Radeon R5,AMD,Integrated,VRAM,Integrated,"Bluetooth, Miracast",,1,45 Volts,,Windows 11 Home,3 Hours,Yes,41 Watt Hours,3,"Laptop, Power Adapter",China,1 kg 700 g,B0B4N77Y34,"4.0
828 ratings
4.0 out of 5 stars","#822 in Computers & Accessories (See Top 100 in Computers & Accessories)
#21 in Traditional Laptops",21 June 2022,"SG66 – QUANTA CQ Tech-Front (CHongqing) computer CO.,LTD 18#, comprehensive bonded zone avenue, Shapingba District 401332 Chongqing China","HP India Sales pvt limited, 24 kothari Arena, Hosur main road, Adugodi , Bangalore -560030.",35.8 x 24.2 x 1.8 Centimeters,1 Pack,Laptop,,2,,,,,,,,,2 GB,,,PC,
"Lenovo LOQ 2024 AMD Ryzen 5 7235HS 15.6"" (39.6cm) 144Hz 300Nits FHD IPS Gaming Laptop (12GB/512GB SSD/Win 11/NVIDIA RTX 3050 6GB Graphics/100% sRGB/Office 21/3 Mon. Game Pass/Grey/2.4Kg), 83JC0031IN","63,480",https://www.amazon.in/Lenovo-7235HS-300Nits-Graphics-83JC0031IN/dp/B0D7VMYDJY/ref=sr_1_16?dib=eyJ2IjoiMSJ9.1ANCWEr66Xy-wOdwxMqLkp3CuPgd7hLXDxrVC5MjMWRUFNJOyoULZ-txrj3zBiN36i26jiTmFD_RANUXO2YQSAIOWG4z-ssSb81QlmtF0I2-noLsPm-EjcoJm2eoJ7rPZ-y-BQjwhI4FLv-Pu537t1MRlfUnOXdy0tUJJCVdbiZ2MTAhs9BO5djFBUCCogti-0GJgHLkhlDZfVepe_a8Kg05iqxqKAWXcE8Ie-KXe1zYbaTkZNvzagfGuyMhAfZVmW_Pb81tNcdis_dcKwoMCYmIXfTbq8vPfa9xwMK9qpuI3Q_jpPKACUqDxQ3oESsjd4DOCDemQxJDHceM4z2tcw4Mx3ZR5hvuK-NjIeeu8dY.s3kRWVcKMD5bHExq5wVZLibICG38qfrhNYbrp2BgKvU&dib_tag=se&qid=1737525701&s=computers&sr=1-16,2025-01-22 11:42:30,Lenovo,Lenovo,LOQ,Luna Grey,Gaming Laptop,,,15.6 Inches,1920 x 1080 pixel,1920 x 1080,,1 Lithium Polymer batteries required. (included),15ARP9,AMD,Ryzen 5,3.2 GHz,4,,DDR5,DDR5 RAM,32 GB,512 GB,SSD,,"Headphones, Speakers",2 x 2W speakers with Nahimic Audio & Sound Tracker,,NVIDIA,Dedicated,GDDR6,PCI Express,"Bluetooth, Wi-Fi",,,10.8 Volts,10 Watts,Windows 11,6 Hours,Yes,60 Watt Hours,4,"User Guide, Laptop, Power Adapter",China,2 kg 380 g,B0D7VMYDJY,"3.6
8 ratings
3.6 out of 5 stars","#797 in Computers & Accessories (See Top 100 in Computers & Accessories)
#18 in Traditional Laptops",24 June 2024,"One of the below: Hefei Bitland Information Technology Co.,Ltd - No.4088 Jiuxiu Road National Hefei economic & technology development area Hefei Anhui China LCFC（Hefei) Electronics Technology Co., Ltd. - NO.1-3188,YUNGU ROAD, HEFEI EXPORT PROCESSING ZONE. ANHUI PROVINCE,CHINA Tech-Com(Shanghai) Computer Co Ltd - No.6 Ln.58,San-Zhuang Rd., Songjiang EPZ ShangHai, China Wistron InfoComm (Kunshan) Co.Ltd - 168# First Avenue, Kunshan Export Processing Zone, Kunshan, Jiangsu, China Compal information technology (kunshan) CO., LTD. - Address: No. 58, the 1st street, Kunshan Export Processing Zone, Jiangsu, P.R.O.C. CHINA Kunshan Hichain storage Co. Ltd - No. 88 Xinxiang Road Avenue Kunshan CBZ Wujiang Hichain warehousing LTD - No.2088 Pangjin road, Wujiang economic development area, Jiangsu, China","Lenovo (India) Private Limited, RBD Icon, Level 2, Doddenakundi Village, Marathahalli Outer Ring Road, K. R. Puram Hobli, Bangalore 560037, Karnataka, India",,1 Piece,Laptop,54.1 x 35.79 x 8.8 cm; 2.38 kg,,Not Available,,4,,,,,,6 GB,,,,
"Lenovo V14 G3 Intel Core i5 12th Gen 1235U /16GB/512GB SSD/Intel UHD Graphics/Windows 11/ Thin and Light Business Laptop/14.0"" FHD Display/Iron Grey/1.57 kg","36,350",https://www.amazon.in/Lenovo-V14-G3-Graphics-Business/dp/B08HJWSGW6/ref=sr_1_17?dib=eyJ2IjoiMSJ9.1ANCWEr66Xy-wOdwxMqLkp3CuPgd7hLXDxrVC5MjMWRUFNJOyoULZ-txrj3zBiN36i26jiTmFD_RANUXO2YQSAIOWG4z-ssSb81QlmtF0I2-noLsPm-EjcoJm2eoJ7rPZ-y-BQjwhI4FLv-Pu537t1MRlfUnOXdy0tUJJCVdbiZ2MTAhs9BO5djFBUCCogti-0GJgHLkhlDZfVepe_a8Kg05iqxqKAWXcE8Ie-KXe1zYbaTkZNvzagfGuyMhAfZVmW_Pb81tNcdis_dcKwoMCYmIXfTbq8vPfa9xwMK9qpuI3Q_jpPKACUqDxQ3oESsjd4DOCDemQxJDHceM4z2tcw4Mx3ZR5hvuK-NjIeeu8dY.s3kRWVcKMD5bHExq5wVZLibICG38qfrhNYbrp2BgKvU&dib_tag=se&qid=1737525701&s=computers&sr=1-17,2025-01-22 11:42:30,Lenovo,Lenovo,G3,Grey,laptop,,,14 Inches,1920 x 1080 pixels,1920 x 1080 Pixels,,1 AAA batteries required. (included),V14 G3 IAP,Intel,Core i5-1235U,1.3 GHz,10,,DDR4,DDR4 SDRAM,16 GB,512 GB,SSD,Solid State,Speakers,,Intel Integrated UHD Graphics,Intel,Integrated,Shared,Integrated,"Bluetooth, Wi-Fi",5 GHz Radio Frequency,1,,,Windows 11 Pro,6 Hours,Yes,38 Watt Hours,2,LAPTOP,,1 kg 500 g,B08HJWSGW6,"3.5
13 ratings
3.5 out of 5 stars","#621 in Computers & Accessories (See Top 100 in Computers & Accessories)
#12 in Traditional Laptops",10 September 2024,Lenovo India Private Limited,Lenovo India Private Limited,,1 Count,Business Laptop,48.29 x 29.6 x 7 cm; 1.5 kg,1,No Optical Drive,4.4 GHz,2,,,2 Grams,,,8 GB,1,,,7200 RPM
"Acer Aspire Lite 13th Gen Intel Core i3-1305U Thin and Light Premium Laptop (Windows 11 Home/8 GB RAM/512GB SSD/36 WHR) AL15-53 with 39.62cm (15.6"") Full HD Display, Metal Body, Steel Gray, 1.59 KG","31,990",https://www.amazon.in/Acer-i3-1305U-Premium-Windows-AL15-53/dp/B0DB1SDB87/ref=sr_1_18?dib=eyJ2IjoiMSJ9.1ANCWEr66Xy-wOdwxMqLkp3CuPgd7hLXDxrVC5MjMWRUFNJOyoULZ-txrj3zBiN36i26jiTmFD_RANUXO2YQSAIOWG4z-ssSb81QlmtF0I2-noLsPm-EjcoJm2eoJ7rPZ-y-BQjwhI4FLv-Pu537t1MRlfUnOXdy0tUJJCVdbiZ2MTAhs9BO5djFBUCCogti-0GJgHLkhlDZfVepe_a8Kg05iqxqKAWXcE8Ie-KXe1zYbaTkZNvzagfGuyMhAfZVmW_Pb81tNcdis_dcKwoMCYmIXfTbq8vPfa9xwMK9qpuI3Q_jpPKACUqDxQ3oESsjd4DOCDemQxJDHceM4z2tcw4Mx3ZR5hvuK-NjIeeu8dY.s3kRWVcKMD5bHExq5wVZLibICG38qfrhNYbrp2BgKvU&dib_tag=se&qid=1737525701&s=computers&sr=1-18,2025-01-22 11:42:30,Acer,Acer,Aspire Lite,Steel Gray,Laptop,,,15.6 Inches,1920 x 1080 pixel,1920 x 1080,,1 Lithium Ion batteries required. (included),AL15-53,Intel,Core i3,3.3 GHz,1,8 GB,DDR4,DDR4 SDRAM,32 GB,,SSD,Solid State,,,Intel UHD Graphics,Intel,Integrated,DDR4 SDRAM,Integrated,"Bluetooth, Wi-Fi",Bluetooth,1,240 Volts,45 Watt Hours,Windows 11 Home,8 Hours,Yes,36 Watt Hours,3,"1U (contains Laptop 1N, Power cord 1N, Adapter 1N, User Manual 1N)",China,1 kg 600 g,B0DB1SDB87,"3.9
1,290 ratings
3.9 out of 5 stars","#889 in Computers & Accessories (See Top 100 in Computers & Accessories)
#22 in Traditional Laptops",21 July 2024,"ACER INDIA PRIVATE LIMITED, RS No.38/2, Sedarpet Village, Villanur Commune, Poducherry - 605111.","ACER INDIA PRIVATE LIMITED Embassy Heights, 6th Floor, No. 13, Magrath Road, Next to HOSMAT Hospital, Bangalore, INDIA – 560025",,1 Count,Laptop,48.2 x 32 x 9.2 cm; 1.6 kg,2,,,2,,,0.5 Grams,3,,,,,,
"Lenovo IdeaPad Slim 1 AMD Ryzen 5 5500U 15.6"" HD Thin and Light Laptop (16GB/512GB SSD/Integrated AMD Graphics/Windows 11 Home/MSO 21/1Yr ADP Free/Cloud Grey/1.61Kg), 82R400ERIN","37,990",https://www.amazon.in/Lenovo-IdeaPad-Laptop-Windows-82R400ERIN/dp/B0CP2KRYLM/ref=sr_1_19?dib=eyJ2IjoiMSJ9.1ANCWEr66Xy-wOdwxMqLkp3CuPgd7hLXDxrVC5MjMWRUFNJOyoULZ-txrj3zBiN36i26jiTmFD_RANUXO2YQSAIOWG4z-ssSb81QlmtF0I2-noLsPm-EjcoJm2eoJ7rPZ-y-BQjwhI4FLv-Pu537t1MRlfUnOXdy0tUJJCVdbiZ2MTAhs9BO5djFBUCCogti-0GJgHLkhlDZfVepe_a8Kg05iqxqKAWXcE8Ie-KXe1zYbaTkZNvzagfGuyMhAfZVmW_Pb81tNcdis_dcKwoMCYmIXfTbq8vPfa9xwMK9qpuI3Q_jpPKACUqDxQ3oESsjd4DOCDemQxJDHceM4z2tcw4Mx3ZR5hvuK-NjIeeu8dY.s3kRWVcKMD5bHExq5wVZLibICG38qfrhNYbrp2BgKvU&dib_tag=se&qid=1737525701&s=computers&sr=1-19,2025-01-22 11:42:30,Lenovo,Lenovo,IdeaPad,Cloud Grey,Ultra-Portable,53.5 Centimeters,33.3 Centimeters,15.6 Inches,1366 x 768,1920 x 1080 Pixels,7.4 x 33.3 x 53.5 cm; 2.47 kg,1 Lithium Polymer batteries required. (included),82R400ERIN,AMD,Ryzen 5,2.1 GHz,6,16 GB,DDR4,DDR5 RAM,16 GB,512 GB,SSD,PCIE x 4,Speakers,"Stereo speakers, 1.5W x2, Dolby Audio",Integrated AMD Radeon Graphics,AMD,Integrated,Shared,Integrated,Wi-Fi,Bluetooth,1,,42 Watts,Windows 11 Home,10 Hours,Yes,42 Watt Hours,3,Laptop,China,2 kg 470 g,B0CP2KRYLM,"3.9
228 ratings
3.9 out of 5 stars","#992 in Computers & Accessories (See Top 100 in Computers & Accessories)
#25 in Traditional Laptops",27 November 2023,"One of the below: Hefei Bitland Information Technology Co.,Ltd - No.4088 Jiuxiu Road National Hefei economic & technology development area Hefei Anhui China LCFC（Hefei) Electronics Technology Co., Ltd. - NO.1-3188,YUNGU ROAD, HEFEI EXPORT PROCESSING ZONE. ANHUI PROVINCE,CHINA Tech-Com(Shanghai) Computer Co Ltd - No.6 Ln.58,San-Zhuang Rd., Songjiang EPZ ShangHai, China Wistron InfoComm (Kunshan) Co.Ltd - 168# First Avenue, Kunshan Export Processing Zone, Kunshan, Jiangsu, China Compal information technology (kunshan) CO., LTD. - Address: No. 58, the 1st street, Kunshan Export Processing Zone, Jiangsu, P.R.O.C. CHINA Kunshan Hichain storage Co. Ltd - No. 88 Xinxiang Road Avenue Kunshan CBZ Wujiang Hichain warehousing LTD - No.2088 Pangjin road, Wujiang economic development area, Jiangsu, China","Lenovo (India) Private Limited, RBD Icon, Level 2, Doddenakundi Village, Marathahalli Outer Ring Road, K. R. Puram Hobli, Bangalore 560037, Karnataka, India",7.4 x 33.3 x 53.5 Centimeters,1 Piece,Laptop,,1,No Optical Drive,,2,,,,,,,,,,
"Dell 15 Thin & Light Laptop, Windows 11 Home, Intel Core i5-1235U Processor, 8GB RAM + 512GB SSD, 15.6"" FHD Window 11 + Mso '21, 15 Month Mcafee, Spill-Resistant Keyboard, Black, 1.66Kg","46,990",https://www.amazon.in/Dell-i5-1235U-Processor-Antivirus-Spill-Resistant/dp/B0CSG4G18G/ref=sr_1_20?dib=eyJ2IjoiMSJ9.1ANCWEr66Xy-wOdwxMqLkp3CuPgd7hLXDxrVC5MjMWRUFNJOyoULZ-txrj3zBiN36i26jiTmFD_RANUXO2YQSAIOWG4z-ssSb81QlmtF0I2-noLsPm-EjcoJm2eoJ7rPZ-y-BQjwhI4FLv-Pu537t1MRlfUnOXdy0tUJJCVdbiZ2MTAhs9BO5djFBUCCogti-0GJgHLkhlDZfVepe_a8Kg05iqxqKAWXcE8Ie-KXe1zYbaTkZNvzagfGuyMhAfZVmW_Pb81tNcdis_dcKwoMCYmIXfTbq8vPfa9xwMK9qpuI3Q_jpPKACUqDxQ3oESsjd4DOCDemQxJDHceM4z2tcw4Mx3ZR5hvuK-NjIeeu8dY.s3kRWVcKMD5bHExq5wVZLibICG38qfrhNYbrp2BgKvU&dib_tag=se&qid=1737525701&s=computers&sr=1-20,2025-01-22 11:42:30,Dell,Dell India Pvt Ltd,Vostro,Black,Laptop,23.5 Centimeters,35.8 Centimeters,15.6 Inches,1920 x 1080 pixel,1920 x 1080,2.2 x 35.8 x 23.5 cm; 1.66 kg,1 Lithium Ion batteries required. (included),Vostro,Intel,Core i5,4.4 GHz,1,8 GB,DDR4,DDR4 SDRAM,16 GB,512 GB,SSD,Solid State,Headphones,,Shared,Intel,Integrated,Shared,Integrated,Wi-Fi,"Bluetooth, 802.11ac",1,,41 Watt Hours,Windows 11 Home,7 Hours,Yes,41 Watt Hours,3,"Laptop, Battery, AC Adapter, User Guide, Manuals",China,1 kg 660 g,B0CSG4G18G,"3.7
674 ratings
3.7 out of 5 stars","#1,150 in Computers & Accessories (See Top 100 in Computers & Accessories)
#31 in Traditional Laptops",16 January 2024,Dell India Pvt Ltd,Dell India Pvt Ltd,22 x 358 x 235 Millimeters,1 Count,Laptop,,1,,,2,,,,,,,,,,
"Dell Inspiron 15 3535 Laptop – 15.6 inch FHD (39.62cm) Display, AMD Ryzen 3 7320U Processor, 8 GB RAM, 512 GB SSD, Carbon Black, 1.67 Kg, Lightweight and Portable","29,990",https://www.amazon.in/Dell-Inspiron-3535-Laptop-Lightweight/dp/B0DG5CY2Y2/ref=sr_1_21?dib=eyJ2IjoiMSJ9.1ANCWEr66Xy-wOdwxMqLkp3CuPgd7hLXDxrVC5MjMWRUFNJOyoULZ-txrj3zBiN36i26jiTmFD_RANUXO2YQSAIOWG4z-ssSb81QlmtF0I2-noLsPm-EjcoJm2eoJ7rPZ-y-BQjwhI4FLv-Pu537t1MRlfUnOXdy0tUJJCVdbiZ2MTAhs9BO5djFBUCCogti-0GJgHLkhlDZfVepe_a8Kg05iqxqKAWXcE8Ie-KXe1zYbaTkZNvzagfGuyMhAfZVmW_Pb81tNcdis_dcKwoMCYmIXfTbq8vPfa9xwMK9qpuI3Q_jpPKACUqDxQ3oESsjd4DOCDemQxJDHceM4z2tcw4Mx3ZR5hvuK-NjIeeu8dY.s3kRWVcKMD5bHExq5wVZLibICG38qfrhNYbrp2BgKvU&dib_tag=se&qid=1737525701&s=computers&sr=1-21,2025-01-22 11:42:30,Dell,Dell,Inspiron,Black,Laptop,,,15.6 Inches,1920 x 1080 pixel,,,1 Lithium Ion batteries required. (included),Dell Inspiron 3535,AMD,Ryzen 3,4.1 GHz,1,8 GB,Lpddr 5,,16 GB,512 GB,,USB,,,,AMD,Integrated,DDR4 SDRAM,Integrated,Wi-Fi,Bluetooth,1,240 Volts,,Windows 11 Home,,Yes,,3,Laptop | 65 Watt AC Adapter | User Manual,,1 kg 670 g,B0DG5CY2Y2,"3.9
58 ratings
3.9 out of 5 stars","#800 in Computers & Accessories (See Top 100 in Computers & Accessories)
#19 in Traditional Laptops",5 September 2024,Dell India Pvt. Ltd.,Dell India Pvt. Ltd.,,1 Count,Laptop,46 x 35.5 x 7.2 cm; 1.67 kg,1,,,2,,,,,,,,,,
"HP Laptop 255 G9 (2024), AMD Ryzen 5 5625U Hexa Core - (8GB/512GB SSD/AMD Radeon Graphics) Thin and Light Business Laptop/15.6"" (39.62cm)/Silver/1.47 kg","29,999",https://www.amazon.in/HP-Laptop-255-G9-Ryzen/dp/B0DH8831VF/ref=sr_1_22?dib=eyJ2IjoiMSJ9.1ANCWEr66Xy-wOdwxMqLkp3CuPgd7hLXDxrVC5MjMWRUFNJOyoULZ-txrj3zBiN36i26jiTmFD_RANUXO2YQSAIOWG4z-ssSb81QlmtF0I2-noLsPm-EjcoJm2eoJ7rPZ-y-BQjwhI4FLv-Pu537t1MRlfUnOXdy0tUJJCVdbiZ2MTAhs9BO5djFBUCCogti-0GJgHLkhlDZfVepe_a8Kg05iqxqKAWXcE8Ie-KXe1zYbaTkZNvzagfGuyMhAfZVmW_Pb81tNcdis_dcKwoMCYmIXfTbq8vPfa9xwMK9qpuI3Q_jpPKACUqDxQ3oESsjd4DOCDemQxJDHceM4z2tcw4Mx3ZR5hvuK-NjIeeu8dY.s3kRWVcKMD5bHExq5wVZLibICG38qfrhNYbrp2BgKvU&dib_tag=se&qid=1737525701&s=computers&sr=1-22,2025-01-22 11:42:30,HP,HP,255 G9,Silver,Notebook,,,15.6 Inches,1366 x 768 pixels,1366 x 768 Pixels,,,255 G9,AMD,Ryzen 5,4.3 GHz,6,,DDR4,DDR4 SDRAM,8 GB,512 GB,SSD,Solid State,"Headphones, Speakers",Built in Dual Speakers,AMD Radeon Graphics,AMD,Integrated,Shared,Integrated,"Bluetooth, Wi-Fi",,1,,,DOS,,,,,"LAPTOP, USER GUIDE",,1 kg 500 g,B0DH8831VF,"4.1
17 ratings
4.1 out of 5 stars","#955 in Computers & Accessories (See Top 100 in Computers & Accessories)
#23 in Traditional Laptops",17 September 2024,HP INDIA PRIVATE LIMITED,HP INDIA PRIVATE LIMITED,,1 Count,BUSINESS LAPTOP,52.4 x 31 x 7.1 cm; 1.5 kg,2,,4.3 GHz,1,,,,,,,1,,,7200 RPM
"Acer Chromebook CB315-4H Intel Celeron N4500 (Chrome OS/8 GB RAM/128 GB/WiFi 6) 39.6 cm (15.6"") Full HD, Silver, 1.6 KG, 3 Months Google One AI Premium Plan with Gemini Advanced & 2TB Cloud Storage","17,480",https://www.amazon.in/Acer-Chromebook-CB315-4H-Celeron-Advanced/dp/B0DH4M1MJ3/ref=sr_1_23?dib=eyJ2IjoiMSJ9.1ANCWEr66Xy-wOdwxMqLkp3CuPgd7hLXDxrVC5MjMWRUFNJOyoULZ-txrj3zBiN36i26jiTmFD_RANUXO2YQSAIOWG4z-ssSb81QlmtF0I2-noLsPm-EjcoJm2eoJ7rPZ-y-BQjwhI4FLv-Pu537t1MRlfUnOXdy0tUJJCVdbiZ2MTAhs9BO5djFBUCCogti-0GJgHLkhlDZfVepe_a8Kg05iqxqKAWXcE8Ie-KXe1zYbaTkZNvzagfGuyMhAfZVmW_Pb81tNcdis_dcKwoMCYmIXfTbq8vPfa9xwMK9qpuI3Q_jpPKACUqDxQ3oESsjd4DOCDemQxJDHceM4z2tcw4Mx3ZR5hvuK-NjIeeu8dY.s3kRWVcKMD5bHExq5wVZLibICG38qfrhNYbrp2BgKvU&dib_tag=se&qid=1737525701&s=computers&sr=1-23,2025-01-22 11:42:30,Acer,Acer,CB315-4H,Silver,Laptop,,,15.6 Inches,1920 x 1080 pixels,1920 x 1080 Pixels,,1 Lithium Ion batteries required. (included),CB315-4H,Intel,Celeron,1.1 GHz,1,,LPDDR4X,SDRAM,8 GB,,Emmc,,Speakers,,Intel UHD Graphics,Intel,Integrated,SDRAM,Integrated,Bluetooth,,,240 Volts,,Chrome OS,,Yes,,3,"1U (contains Laptop 1N, Power cord 1N, Adapter 1N, User Manual 1N)",China,1 kg 600 g,B0DH4M1MJ3,"3.6
69 ratings
3.6 out of 5 stars","#740 in Computers & Accessories (See Top 100 in Computers & Accessories)
#15 in Traditional Laptops",10 September 2024,"Quanta, Tech-Front (Chongqing) Computer Co.,Ltd, (Quanta Chongqing), 18#,Zongbao Road, Shapingba District, Chongqing, China","ACER INDIA PRIVATE LIMITED, Embassy Heights, 6th Floor, No. 13, Magrath Road, Next to HOSMAT Hospital, Bangalore, INDIA – 560025",,1 Count,Chromebook,50.5 x 32.29 x 7.1 cm; 1.6 kg,,,,,,,,3,,,,,,
"HP Pavilion, 12th Gen Intel Core i5-1235U, 16GB DDR4, 512GB SSD, (Win 11, Office 21, Silver, 1.41kg) IPS, BrightView, 14-inch(35.6cm) FHD Laptop, Intel Iris Xe Graphics, HD camera, Backlit KB,dv2014TU","59,890",https://www.amazon.in/HP-Pavilion-Micro-Edge-Graphics-14-dv2014TU/dp/B0B1M9HYBT/ref=sr_1_24?dib=eyJ2IjoiMSJ9.1ANCWEr66Xy-wOdwxMqLkp3CuPgd7hLXDxrVC5MjMWRUFNJOyoULZ-txrj3zBiN36i26jiTmFD_RANUXO2YQSAIOWG4z-ssSb81QlmtF0I2-noLsPm-EjcoJm2eoJ7rPZ-y-BQjwhI4FLv-Pu537t1MRlfUnOXdy0tUJJCVdbiZ2MTAhs9BO5djFBUCCogti-0GJgHLkhlDZfVepe_a8Kg05iqxqKAWXcE8Ie-KXe1zYbaTkZNvzagfGuyMhAfZVmW_Pb81tNcdis_dcKwoMCYmIXfTbq8vPfa9xwMK9qpuI3Q_jpPKACUqDxQ3oESsjd4DOCDemQxJDHceM4z2tcw4Mx3ZR5hvuK-NjIeeu8dY.s3kRWVcKMD5bHExq5wVZLibICG38qfrhNYbrp2BgKvU&dib_tag=se&qid=1737525701&s=computers&sr=1-24,2025-01-22 11:42:30,HP,HP,HP Pavilion Laptop,Natural Silver,Laptop,17 Millimeters,21.7 Centimeters,14 Inches,1920 x 1080 pixel,1920 x 1080 Pixels,32.5 x 21.7 x 1.7 cm; 1.4 kg,1 Lithium Ion batteries required. (included),14-dv2014TU,Intel,Core i5,4.4 GHz,1,16 GB,DDR4,SDRAM,16 GB,,SSD,USB,"Headphones, Speakers",,Intel UHD Graphics,Intel,Integrated,VRAM,Integrated,"Bluetooth, Wi-Fi",Bluetooth,1,37.2 Volts,5 Watts,Windows 11 Home,8 Hours,Yes,43 Watt Hours,3,"HP Laptop,AC power adapter, user manuals",China,1 kg 400 g,B0B1M9HYBT,"4.0
657 ratings
4.0 out of 5 stars","#1,356 in Computers & Accessories (See Top 100 in Computers & Accessories)
#34 in Traditional Laptops",19 May 2022,"SG66 – QUANTA CQ Tech-Front (CHongqing) computer CO.,LTD 18#, comprehensive bonded zone avenue, Shapingba District 401332 Chongqing China","HP India Sales pvt limited, 24 kothari Arena, Hosur main road, Adugodi , Bangalore -560030.",32.5 x 21.7 x 1.7 Centimeters,1 Pack,Laptop,,,,,2,Battery Powered,,,,,16 GB,,,PC,
